Genes	D:\DMS_WorkDir1\QC_Mam_19_01_b_DIA_trap_60min_19Dec23_Pippin_WBEH-23-05-18.mzML
0610012G03Rik	353637
1700009N14Rik	714567
2210016F16Rik	2.52306e+06
2700097O09Rik	76626.8
4931428L18Rik;Gm21312;Gm4301;Gm4302;Gm4303;Gm4340;Gm5698	911020
ATP5IF1	2.25419e+07
Aaas	3.95977e+06
Aacs	6.7793e+06
Aagab	166651
Aak1	2.49527e+06
Aamp	998234
Aar2	831687
Aars1	2.13653e+07
Aars2	1.25539e+06
Aarsd1	2.6287e+06
Aasdhppt	65890.8
Aatf	2.62602e+06
Abca3	593831
Abca7	88280
Abcb10	135949
Abcb1b	1.21722e+07
Abcb4	224655
Abcb6	552923
Abcb7	1.2944e+06
Abcb8	956483
Abcc1	4.62389e+06
Abcc4	553317
Abcc5	479791
Abcd1	2.80344e+06
Abcd3	3.00174e+06
Abcd4	4.68659e+06
Abce1	8.70506e+06
Abcf1	8.63103e+06
Abcf2	8.09736e+06
Abcf3	521977
Abhd10	1.62143e+06
Abhd11	2.58216e+06
Abhd12	563500
Abhd16a	3.10857e+06
Abhd5	56201.7
Abhd6	1.12742e+06
Abi1	7.89119e+06
Abi2	376986
Abi3	927530
Abitram	1.26022e+06
Abl1	37059.6
Abl2	386849
Abr	3.88318e+06
Abracl	8.76126e+06
Abraxas1	804065
Abraxas2	2.82293e+06
Abt1	944370
Acaa1a	2.32391e+07
Acaa2	1.16546e+07
Acaca	5.9436e+06
Acad10	499533
Acad11	774948
Acad8	3.25752e+06
Acad9	6.3415e+06
Acadl	5.9603e+06
Acadm	8.73486e+06
Acads	9.64865e+06
Acadsb	4.65895e+06
Acadvl	2.89817e+06
Acap1	430417
Acap2	2.98725e+06
Acat1	1.83429e+07
Acat2	4.64253e+06
Acbd3	2.98097e+06
Acbd5	2.16359e+06
Acd	121644
Acin1	5.2066e+06
Acly	1.40384e+07
Aco1	3.65038e+06
Aco2	2.78569e+07
Acot13	1.54893e+07
Acot2	5.3798e+06
Acot7	8.7921e+06
Acot8	1.67989e+06
Acot9	3.33293e+06
Acox1	439133
Acox3	1.01696e+06
Acp1	2.49536e+07
Acp2	1.37251e+06
Acp5	1.12494e+06
Acp6	6.79655e+06
Acsf2	2.33781e+06
Acsf3	949118
Acsl1	1.41105e+06
Acsl3	3.89652e+06
Acsl4	7.72486e+06
Acsl5	7.30431e+06
Acss2	963260
Acta1	3.08792e+07
Actb	2.23596e+09
Actbl2	1.33944e+06
Actl6a	5.82483e+06
Actn1	1.25016e+07
Actn4	2.85491e+07
Actr10	1.14389e+06
Actr1a	6.53582e+06
Actr1b	455474
Actr2	3.42983e+07
Actr3	3.79847e+07
Actr5	442643
Actr6	338575
Acyp1	4.45044e+06
Ada	8.39936e+06
Adam10	6.15546e+06
Adam15	849433
Adam17	1.26372e+06
Adam8	1.07509e+06
Adam9	768011
Adar	1.8948e+06
Adat1	519474
Adck1	495012
Adcy7	985051
Add1	1.14119e+06
Add3	750589
Adgre1	1.32739e+06
Adgrf5	8.36937e+06
Adh5	1.36668e+07
Adh7	232989
Adi1	1.1576e+07
Adk	5.08011e+06
Adnp	2.32757e+06
Ado	286096
Adpgk	9.18355e+06
Adprh	4.29101e+06
Adprs	1.78197e+06
Adrm1	1.7939e+06
Adsl	6.57315e+06
Adss1	1.17786e+07
Adss2	8.47286e+06
Aebp2	700951
Aen	144773
Afdn	5.75053e+06
Aff4	70307.7
Afg1l	593308
Afg3l1	3.12585e+06
Afg3l2	3.36678e+06
Aftph	501541
Agap1	78319.9
Agap3	907527
Agfg1	2.70585e+06
Agfg2	1.2912e+06
Agk	1.35788e+06
Agl	689443
Ago2	2.21737e+06
Agpat3	108851
Agpat5	2.66523e+06
Agps	4.56177e+06
Ahctf1	1.31067e+06
Ahcy	1.58241e+07
Ahcyl1	1.15161e+07
Ahcyl2	1.29121e+07
Ahnak	2.07676e+07
Ahnak2	4.31726e+06
Ahsa1	8.92159e+06
Ahsa2	929821
Ahsg	5.57811e+06
Aida	90654.5
Aifm1	1.98647e+07
Aifm2	1.53663e+06
Aim2	3.04068e+06
Aimp1	1.18281e+07
Aimp2	4.828e+06
Aip	4.75174e+06
Ak1	1.41521e+06
Ak2	3.76341e+07
Ak3	3.31501e+06
Ak4	1.87362e+07
Akap1	546692
Akap10	1.73829e+06
Akap13	553167
Akap8	3.05133e+06
Akap8l	22783.2
Akap9	999586
Akr1a1	1.57006e+07
Akr1b1	4.63103e+08
Akr1b10	2.08849e+06
Akr1b7	1.68481e+06
Akr1b8	2.24152e+07
Akr1e2	1.96324e+06
Akr7a2	2.07786e+06
Akt1	1.96424e+06
Akt1s1	709141
Akt2	470817
Alad	4.65595e+06
Alcam	1.30246e+07
Aldh16a1	4.70628e+06
Aldh18a1	1.91509e+07
Aldh1a7	618635
Aldh1b1	845918
Aldh1l2	5.52289e+06
Aldh2	6.57545e+07
Aldh3a2	2.06498e+06
Aldh3b1	6.57018e+06
Aldh4a1	2.7043e+06
Aldh5a1	1.96462e+06
Aldh9a1	1.09683e+07
Aldoa	1.96698e+08
Aldoc	1.52053e+07
Alg1	661529
Alg11	1.49543e+06
Alg2	445586
Alg5	4.13464e+06
Alg9	119277
Alkbh3	1.09618e+06
Alkbh5	3.14319e+06
Alkbh7	243999
Alox5	3.36853e+06
Alox5ap	1.59599e+07
Alyref	2.68052e+07
Amacr	1.03268e+06
Ambra1	83050.1
Amdhd2	1.59415e+07
Amfr	1.5692e+06
Ampd2	1.59497e+07
Anapc1	2.06408e+06
Anapc2	859540
Anapc4	1.09883e+06
Anapc5	677894
Anapc7	955252
Angel2	615398
Angptl2	597234
Ankfy1	4.41886e+06
Ankh	1.5254e+06
Ankhd1	1.83745e+06
Ankib1	252901
Ankle2	1.20988e+06
Ankmy2	1.22892e+06
Ankrd10	211178
Ankrd13a	988391
Ankrd17	3.10024e+06
Ankrd27	243965
Ankrd28	1.695e+06
Ankrd40	315839
Ankrd44	258183
Ankrd46	499589
Ankrd49	276694
Ankrd52	210266
Ankrd55	983923
Anks1a	362736
Ankzf1	1.14204e+06
Anln	393967
Ano10	1.35263e+06
Ano6	956480
Anp32a	8.26833e+07
Anp32b	7.75e+07
Anp32e	1.53089e+07
Anpep	1.366e+06
Antkmt	1.5674e+06
Antxr2	289920
Anxa1	1.51732e+07
Anxa11	3.14016e+06
Anxa2	3.4198e+07
Anxa3	2.73552e+06
Anxa4	2.27871e+07
Anxa5	6.26155e+07
Anxa6	4.09674e+06
Anxa7	1.23001e+07
Aoc1l1	881239
Ap1b1	8.08676e+06
Ap1g1	5.63999e+06
Ap1g2	1.03187e+06
Ap1m1	3.9307e+06
Ap1s1	2.17134e+06
Ap1s2	828352
Ap1s3	744345
Ap2a1	7.58212e+06
Ap2a2	3.78572e+06
Ap2b1	1.15194e+07
Ap2m1	1.04671e+07
Ap2s1	1.46943e+07
Ap3b1	5.25e+06
Ap3d1	2.33976e+06
Ap3m1	2.8685e+06
Ap3s1	1.19538e+06
Ap3s2	1.04142e+06
Ap4b1	88073.9
Ap4m1	543043
Ap5b1	100523
Ap5z1	356279
Apaf1	391628
Apbb1ip	4.11145e+06
Apbb2	494016
Apeh	5.43005e+06
Apex1	5.43557e+06
Api5	1.67358e+07
Apip	4.2212e+06
Aplf	23496.5
Apmap	3.99922e+06
Apoa1	791893
Apobr	4.41353e+06
Apoo	3.447e+06
Apool	2.22418e+06
App	792385
Appl1	1.76609e+06
Appl2	964632
Aprt	2.34334e+07
Aqr	4.00478e+06
Araf	2.70651e+06
Arap1	2.11085e+06
Arap3	269932
Arcn1	1.60894e+07
Arf1;Arf3	7.94375e+06
Arf2	2.44007e+07
Arf4	8.08098e+06
Arf5	4.93847e+06
Arf6	1.13862e+06
Arfgap1	1.91441e+06
Arfgap2	1.66096e+06
Arfgef1	1.27266e+06
Arfgef2	2.54538e+06
Arfgef3	987020
Arfip1	2.35121e+06
Arfip2	473255
Arfrp1	603074
Arg1	3.25537e+06
Arglu1	5.40639e+06
Arhgap1	4.1011e+06
Arhgap10	1.30905e+06
Arhgap12	340463
Arhgap17	1.15488e+06
Arhgap18	1.47814e+06
Arhgap21	312807
Arhgap24	391179
Arhgap25	1.9759e+06
Arhgap27	855041
Arhgap30	3.77709e+06
Arhgap31	39034.6
Arhgap45	8.62409e+06
Arhgap5	472860
Arhgap9	6.16094e+06
Arhgdia	1.29955e+08
Arhgdib	2.27391e+07
Arhgef1	8.77232e+06
Arhgef10l	519185
Arhgef11	413693
Arhgef2	4.52012e+06
Arhgef40	1.37935e+06
Arhgef4;Arhgef9;Spata13	181237
Arhgef6	3.78206e+06
Arhgef7	1.43631e+06
Arid1a	2.6003e+06
Arid1b	1.4124e+06
Arid2	898890
Arid4a	485576
Arih1	3.27238e+06
Arih2	447414
Arl1	794638
Arl2	1.99873e+06
Arl3	5.52331e+06
Arl6	1.50842e+06
Arl6ip1	3.85155e+06
Arl6ip4	112895
Arl6ip5	3.62174e+06
Arl8a	2.52656e+06
Arl8b	2.54689e+07
Armc1	688449
Armc10	1.94015e+06
Armc6	1.13222e+06
Armc8	515574
Armh3	433848
Armt1	524045
Arnt	1.56138e+06
Arpc1b	2.70849e+07
Arpc2	2.593e+07
Arpc3	2.75931e+07
Arpc4	3.2012e+07
Arpc5	1.3688e+07
Arpc5l	8.9037e+06
Arpp19	3.6292e+06
Arrb1	7.54067e+06
Arrb2	3.79281e+06
Arrdc1	1.13991e+06
Arsb	1.02592e+07
As3mt	1.69025e+06
Asah1	4.08699e+06
Asap1	47965.3
Ascc1	728015
Ascc2	886660
Ascc3	1.39629e+06
Asf1a	1.01643e+06
Asf1b	6.34978e+06
Ash2l	1.05191e+07
Asl	2.92825e+06
Asns	1.70375e+07
Asph	1.92013e+07
Aspscr1	1.70738e+06
Asrgl1	1.85139e+06
Asxl2	183802
Atad1	5.27967e+06
Atad2	1.06464e+06
Atad2b	1.67609e+06
Atad3	6.13096e+06
Atad5	65832.4
Ate1	722083
Atf1	1.29367e+06
Atf2	882269
Atf7	639185
Atf7ip	192033
Atg101	326048
Atg13	78781.7
Atg2b	1.31129e+06
Atg3	2.44121e+06
Atg4b	1.15454e+06
Atg5	629097
Atg7	7.44414e+06
Atg9a	867702
Atic	2.92887e+07
Atl2	1.26551e+06
Atl3	2.3779e+06
Atm	411262
Atox1	2.9991e+07
Atp11b	456448
Atp11c	724094
Atp13a1	2.94501e+06
Atp13a2	454070
Atp1a1	6.54565e+07
Atp1a2	58221.3
Atp1a3	5.49275e+06
Atp1b3	4.67068e+07
Atp2a1	604393
Atp2a2	3.51028e+07
Atp2a3	5.69074e+06
Atp2b1	8.1215e+06
Atp2b3	738443
Atp2b4	426882
Atp2c1	1.41766e+06
Atp5f1a	1.57973e+08
Atp5f1b	1.5445e+08
Atp5f1c	1.61725e+07
Atp5f1d	4.53502e+07
Atp5f1e	2.1642e+07
Atp5me	2.11338e+07
Atp5mf	1.67017e+07
Atp5mg	2.61061e+07
Atp5mk	2.75594e+06
Atp5mpl	1.20117e+07
Atp5pb	2.29461e+07
Atp5pd	2.41094e+07
Atp5pf	1.99198e+07
Atp5po	5.76795e+07
Atp6ap1	2.53361e+06
Atp6ap2	4.28665e+06
Atp6v0a1	4.53e+06
Atp6v0a2	1.04054e+06
Atp6v0d1	2.43283e+07
Atp6v0d2	1.11957e+06
Atp6v1a	3.11491e+07
Atp6v1b2	1.36436e+07
Atp6v1c1	5.24952e+06
Atp6v1d	4.87789e+06
Atp6v1e1	7.82783e+06
Atp6v1f	5.38171e+06
Atp6v1g1	2.3169e+06
Atp6v1h	8.66719e+06
Atp7a	2.53339e+06
Atp8a1	782664
Atp9b	1.87815e+06
Atpaf1	300840
Atpaf2	1.18119e+06
Atpsckmt	54408.8
Atr	135521
Atrip	92585.4
Atrn	432700
Atrx	2.65042e+06
Atxn10	5.04889e+06
Atxn2	1.79227e+06
Atxn2l	1.10735e+07
Atxn3	1.17793e+06
Atxn7l3b	715723
Auh	1.1692e+06
Aup1	2.1872e+06
Aurka	317562
Aurkb	715368
Aven	926983
Avl9	555661
B2m	4.93981e+06
B3GNT2	329448
B3galt6	48687.2
B4galnt1	3.19119e+06
B4galt1	2.64735e+06
B4galt7	541898
Babam1	3.10193e+06
Babam2	3.02535e+06
Bag1	1.66198e+06
Bag2	6.17636e+06
Bag3	780114
Bag4	170182
Bag5	1.06261e+06
Bag6	4.87454e+06
Baiap2	70897.1
Bak1	4.87721e+06
Banf1	8.67454e+07
Banp	340545
Bap1	248766
Bap18	3.08269e+06
Basp1	390153
Bax	1.48444e+07
Baz1a	1.51609e+06
Baz1b	3.86496e+06
Bbc3	482411
Bcap29	2.91189e+06
Bcap31	2.69545e+06
Bcas2	5.32508e+06
Bcas3	422267
Bcat1	3.93362e+06
Bcat2	6.88071e+06
Bccip	1.68374e+06
Bckdha	1.39355e+06
Bckdhb	2.68274e+06
Bckdk	1.85928e+06
Bcl10	1.19851e+06
Bcl2l1	8.3378e+06
Bcl2l11	73014.5
Bcl2l13	1.45654e+06
Bcl7b	1.08721e+06
Bcl9	525061
Bclaf1	8.3354e+06
Bcor	160830
Bcs1l	371775
Bdh1	274208
Becn1	716785
Bhlhe41	134315
Bicd2	927139
Bicral	115619
Bid	6.66194e+06
Bin2	4.68584e+06
Bin3	598660
Birc6	2.85356e+06
Bles03	151754
Blmh	9.3861e+06
Bloc1s1	1.35429e+06
Bloc1s3	998559
Bloc1s4	973540
Bloc1s5	695747
Bltp2	27433
Bltp3b	513503
Blvra	2.0103e+07
Blvrb	1.37235e+07
Bmal1	164341
Bmi1	923308
Bmp2k	205117
Bms1	4.86453e+06
Bnip1	5.48542e+06
Bnip2	381465
Bnip3	410581
Bnip3l	44021.3
Bod1l	757569
Bola1	6.04816e+06
Bola2	3.79453e+06
Bop1	5.28958e+06
Borcs5	969986
Borcs6	1.34047e+06
Borcs7	464943
Bphl	6.01545e+06
Bpnt1	3.29653e+06
Bpnt2	249670
Bptf	738466
Brap	347487
Brat1	53619.1
Brcc3	1.97663e+06
Brd1	1.17138e+06
Brd2	1.37171e+06
Brd3	862402
Brd4	3.41487e+06
Brd7	697856
Brd8	584244
Brd9	310773
Bri3	822117
Bri3bp	1.60468e+07
Brix1	1.37386e+07
Brk1	1.27341e+06
Brms1	573749
Brox	2.97234e+06
Bsg	3.6256e+07
Bst2	727947
Btaf1	1.41449e+06
Btd	351827
Btf3	9.56909e+06
Btf3l4	4.17473e+06
Btk	3.86953e+06
Bub1b	740849
Bub3	1.25945e+07
Bud13	723434
Bud23	258350
Bud31	2.27189e+06
Bysl	4.23039e+06
Bzw1	1.07638e+07
Bzw2	7.582e+06
C1d	697612
C1qbp	4.19686e+06
C2cd5	1.12599e+06
C4b	1.14271e+06
C5ar1	853053
C9orf72	277404
Ca13	608683
Ca2	6.79008e+07
Caap1	375253
Cab39	4.56236e+06
Cab39l	382231
Cactin	469983
Cacul1	378461
Cacybp	1.50197e+07
Cad	1.60713e+07
Cadm1	3.49334e+06
Calhm2	7705.35
Calm1;Calm2;Calm3	1.79665e+07
Calr	2.37668e+08
Calu	1.74136e+07
Camk1	2.19497e+06
Camk2d	2.9482e+06
Camk2g	801310
Camkk2	557173
Cand1	1.44628e+07
Canx	5.42628e+07
Cap1	6.3272e+07
Capg	1.06476e+08
Capn1	2.20271e+06
Capn15	64372.9
Capn2	3.17938e+06
Capns1	2.07513e+06
Caprin1	1.76163e+07
Capza1	3.27667e+07
Capza2	2.94836e+07
Capzb	2.96327e+07
Card19	846353
Card9	3.80314e+06
Carm1	5.6089e+06
Carnmt1	1.22887e+06
Cars1	1.40611e+07
Cars2	879546
Cask	1.59397e+06
Casp1	3.62732e+06
Casp2	368157
Casp3	2.13435e+06
Casp6	4.06785e+06
Casp7	576251
Casp8	1.29633e+06
Casp9	710938
Cass4	1.36235e+06
Cast	1.01505e+06
Cat	1.13392e+07
Cbfb	1.96862e+06
Cbl	2.19414e+06
Cblb	96317.7
Cbll1	1.03638e+06
Cbr1	5.92621e+06
Cbr3	1.72739e+06
Cbr4	3.90198e+06
Cbx1	4.50055e+06
Cbx3	1.37543e+07
Cbx4	826271
Cbx5	7.80914e+06
Cbx8	912907
Cc2d1a	308503
Cc2d1b	2.30645e+06
Ccar1	9.02106e+06
Ccar2	5.08486e+06
Ccdc115	2.41275e+06
Ccdc12	997347
Ccdc124	2.83398e+06
Ccdc127	523637
Ccdc134	1.46749e+06
Ccdc137	1.23877e+06
Ccdc14	37433.2
Ccdc167	540295
Ccdc191	40683.2
Ccdc22	4.39445e+06
Ccdc25	469056
Ccdc43	2.66345e+06
Ccdc47	2.7164e+06
Ccdc50	2.13947e+06
Ccdc51	1.78698e+06
Ccdc6	1.40975e+06
Ccdc61	519729
Ccdc77	115953
Ccdc85c	113199
Ccdc86	1.70274e+06
Ccdc88a	413977
Ccdc88b	1.60029e+06
Ccdc9	3.77847e+06
Ccdc90b	627536
Ccdc91	254311
Ccdc93	1.09583e+06
Ccdc97	434595
Ccl9	359059
Ccna2	257380
Ccnd1	206004
Ccnh	579724
Ccnk	1.49236e+06
Ccnt1	1.01465e+06
Ccny	1.04695e+06
Ccs	1.6266e+06
Cct2	4.04984e+07
Cct3	5.37267e+07
Cct4	3.50828e+07
Cct5	3.05947e+07
Cct6a	2.72696e+07
Cct6b	431834
Cct7	4.43286e+07
Cct8	8.94444e+07
Ccz1	1.2282e+06
Cd14	2.41485e+07
Cd180	3.70169e+06
Cd200r1;Cd200r5	1.1991e+06
Cd276	684180
Cd2ap	2.77313e+06
Cd2bp2	2.30259e+06
Cd300lb	243627
Cd33	422304
Cd37	306917
Cd44	1.07438e+07
Cd47	2.1636e+06
Cd63	3.05409e+06
Cd68	7.61946e+07
Cd72	1.04045e+06
Cd74	3.44431e+06
Cd82	113638
Cd9	2.95342e+06
Cdan1	217879
Cdc123	1.83112e+06
Cdc16	1.36494e+06
Cdc23	706243
Cdc26	1.42427e+06
Cdc27	346546
Cdc34	971384
Cdc37	1.01373e+07
Cdc40	708643
Cdc42	2.47508e+07
Cdc42bpb	1.05469e+06
Cdc42se1	1.25019e+06
Cdc5l	8.84984e+06
Cdc73	1.7483e+06
Cdca2	48371
Cdca3	245779
Cdca7l	66509.7
Cdca8	953626
Cdipt	1.87744e+06
Cdk1	4.83138e+06
Cdk11b	6.54399e+06
Cdk12	1.91609e+06
Cdk13	758764
Cdk17	902637
Cdk18	2.26403e+06
Cdk19	515345
Cdk2	2.27385e+06
Cdk2ap1	1.04798e+06
Cdk4	3.63395e+06
Cdk5	910387
Cdk5rap3	2.34697e+06
Cdk6	618213
Cdk7	853494
Cdk9	2.75345e+07
Cdkal1	473209
Cdkn1a	1.19721e+06
Cdkn1b	357116
Cdkn2aip	1.07633e+06
Cdkn2aipnl	1.59582e+06
Cdkn2c	144272
Cdt1	379165
Cdv3	9.18108e+06
Cdyl	627585
Cebpb	3.9268e+06
Cebpz	2.75986e+06
Celf1	4.29835e+06
Celf2	1.45084e+07
Cemip2	865564
Cenpa	2.11589e+06
Cenpc	516599
Cenpi	272932
Cenpp	435094
Cenpv	9.35627e+06
Cep131	425551
Cep152	45709.7
Cep170	3.96272e+06
Cep192	306120
Cep250	535100
Cep41	276094
Cep43	947864
Cep55	4.00513e+06
Cept1	1.6186e+07
Cerk	100470
Cers2	7.77172e+06
Cers6	1.6812e+06
Cert1	2.11001e+06
Cetn2	2.23102e+06
Cetn3	692336
Cfap100	51603.6
Cfap157	5.20854e+06
Cfap20	3.12494e+06
Cfap418	972953
Cfdp1	4.29733e+06
Cfl1	1.14179e+08
Cfp	1.10874e+06
Cgas	455293
Cggbp1	1.54666e+06
Chaf1a	3.80726e+06
Chaf1b	793459
Champ1	3.08005e+06
Chchd1	2.49066e+06
Chchd2	2.17594e+07
Chchd3	8.11203e+06
Chchd4	1.29124e+06
Chchd5	1.46152e+06
Chchd6	4.25797e+06
Chchd7	1.10551e+06
Chd1	1.47822e+06
Chd1l	612383
Chd2	515944
Chd4	9.71376e+06
Chd7	383111
Chd8	885810
Chek1	126241
Cherp	6.21616e+06
Chid1	1.71839e+06
Chm	2.29181e+06
Chmp1b1	2.62181e+06
Chmp2a	5.69744e+06
Chmp2b	1.44739e+06
Chmp3	3.06174e+06
Chmp4b	8.39962e+06
Chmp5	3.80109e+06
Chmp6	1.22462e+06
Chmp7	263630
Chordc1	2.51352e+06
Chp1	1.24825e+06
Chpf2	199733
Chrac1	4.51663e+06
Chtop	1.02459e+07
Chuk	390505
Ciao1	1.59455e+06
Ciao2a	1.22376e+06
Ciao2b	2.49079e+06
Ciao3	122271
Ciapin1	6.0662e+06
Cibar1	56233.6
Cip2a	1.65162e+06
Cisd1	5.27903e+06
Cisd2	4.24814e+06
Ciz1	520885
Ckap2l	543657
Ckap4	6.34151e+06
Ckap5	3.66275e+06
Ckb	1.67647e+07
Clasp1	387837
Clasp2	1.74908e+06
Clasrp	826455
Clcc1	1.14411e+06
Clcn3	714991
Clcn5	687029
Cldn11	397408
Clec4e	704197
Clec5a	519893
Clic1	5.70491e+07
Clic4	6.68739e+06
Clint1	2.57611e+06
Clip1	1.60492e+06
Clip2	60179.5
Clk2	310940
Cln5	618083
Cln6	894397
Clns1a	8.00103e+06
Clp1	1.65725e+06
Clpb	1.97432e+06
Clpp	4.22716e+06
Clptm1	3.14464e+06
Clptm1l	472689
Clpx	5.49978e+06
Clta	4.1138e+07
Cltb	7.10494e+06
Cltc	6.33104e+07
Cluh	3.69635e+06
Clybl	3.76028e+06
Cmas	4.55222e+06
Cmc1	1.47163e+06
Cmc2	1.60155e+06
Cmip	232612
Cmpk1	2.47416e+07
Cmss1	910129
Cmtr1	1.97693e+06
Cnbp	1.36924e+07
Cndp2	1.14206e+07
Cnih4	1.73758e+06
Cnot1	7.29057e+06
Cnot10	631094
Cnot11	375427
Cnot2	3.20743e+06
Cnot3	1.91039e+06
Cnot6l	165435
Cnot7	648706
Cnot8	262497
Cnot9	1.48456e+06
Cnpy2	7.2678e+06
Cnpy3	5.00097e+06
Cnpy4	1.51334e+06
Coa3	7.21434e+06
Coa5	221254
Coa6	351833
Coa7	3.13575e+06
Coasy	4.34304e+06
Cog1	958090
Cog2	336423
Cog3	611378
Cog4	615783
Cog5	2.98381e+06
Cog6	7.20915e+06
Cog7	1.75064e+06
Cog8	244675
Coil	493568
Col4a5	507318
Colec12	1.37683e+06
Colgalt1	9.58427e+06
Commd1	881813
Commd10	903210
Commd2	3.62052e+06
Commd3	3.21741e+06
Commd4	212429
Commd5	1.59058e+06
Commd6	1.88439e+06
Commd7	1.12544e+06
Commd8	1.78092e+06
Commd9	1.16694e+06
Comt	8.26385e+06
Comtd1	5.44335e+06
Cop1	63678.2
Copa	1.88277e+07
Copb1	7.39887e+06
Copb2	1.41909e+07
Cope	2.81233e+06
Copg1	8.17559e+06
Copg2	4.50784e+06
Cops2	5.67377e+06
Cops3	2.39249e+06
Cops4	5.15406e+06
Cops5	6.45658e+06
Cops6	5.24962e+06
Cops7a	3.46157e+06
Cops7b	1.35238e+06
Cops8	5.8474e+06
Copz1	6.18094e+06
Coq3	2.13444e+06
Coq4	2.0494e+06
Coq5	784774
Coq6	1.69749e+06
Coq7	1.34404e+06
Coq8b	802687
Coq9	5.57348e+06
Coro1a	6.22965e+07
Coro1b	1.02414e+07
Coro1c	2.6829e+07
Coro7	3.69409e+06
Cotl1	1.6653e+07
Cox11	470582
Cox15	3.85721e+06
Cox17	2.16467e+06
Cox18	1.29625e+06
Cox19	584392
Cox20	334939
Cox4i1	9.46339e+07
Cox5a	1.2093e+08
Cox5b	4.64988e+07
Cox6b1	3.84311e+07
Cox6c	4.71387e+07
Cox7a2	1.51935e+07
Cox7c	3.02275e+07
Cpd	1.19953e+06
Cpne1	4.38132e+06
Cpne2	4.47849e+06
Cpne3	8.17957e+06
Cpne8	721319
Cpox	5.06591e+06
Cpped1	272292
Cpsf1	2.24428e+06
Cpsf2	4.90863e+06
Cpsf3	2.7487e+06
Cpsf4	3.43248e+06
Cpsf6	1.03542e+07
Cpsf7	1.31975e+06
Cpt1a	705232
Cpt2	2.56212e+06
Cr1l	3.1237e+06
Cradd	188827
Crat	678988
Crbn	1.22805e+06
Creb1	7.59328e+06
Creg1	1.78783e+06
Creld1	1.94027e+06
Creld2	5.53583e+06
Crip1	1.34334e+07
Crkl	4.93272e+06
Crlf2	399047
Crlf3	2.65514e+06
Crls1	320630
Crnkl1	1.93262e+06
Crocc	302693
Crot	448996
Crtap	430002
Crtc2	714926
Cry2	57507.3
Crybg3	121053
Cryl1	4.13381e+06
Cryz	6.02037e+06
Cryzl1	2.33579e+06
Cs	3.36296e+07
Csad	340114
Csde1	1.65901e+07
Cse1l	1.74461e+07
Csf1r	1.42764e+07
Csk	5.68667e+06
Csnk1a1	1.31272e+06
Csnk1d	1.9998e+06
Csnk1g2;Csnk1g3	140901
Csnk2a1	9.26948e+06
Csnk2a2	1.98257e+06
Csnk2b	1.17149e+07
Csrp1	1.8165e+06
Cst3	6.64438e+06
Cst7	1.23009e+06
Cstb	1.65843e+07
Cstf1	2.72592e+06
Cstf2	1.17666e+07
Cstf3	3.05414e+06
Ctbp1	9.40654e+06
Ctbp2	3.8645e+06
Ctbs	2.97032e+06
Ctc1	1.36444e+06
Ctcf	2.06523e+06
Ctdp1	2.34404e+06
Ctdspl2	1.88297e+06
Cth	649222
Ctnna1;Ctnna2	93579.8
Ctnnbl1	6.23086e+06
Ctnnd1	2.8313e+06
Ctps1	8.81954e+06
Ctps2	1.75813e+06
Ctr9	2.84463e+06
Ctsa	5.25083e+07
Ctsb	6.3708e+07
Ctsc	1.27254e+06
Ctsd	3.95865e+07
Ctsh	6.19585e+06
Ctsl	2.39249e+06
Ctso	857427
Ctss	5.9937e+06
Ctsz	4.10154e+07
Cttnbp2nl	2.08005e+06
Ctu1	966444
Ctu2	812449
Cul1	3.99134e+06
Cul2	2.05794e+06
Cul3	1.59649e+06
Cul4a	543415
Cul4b	2.07006e+06
Cul5	1.74616e+07
Custos	761357
Cuta	9.10385e+06
Cutc	290375
Cux1	2.08573e+06
Cwc15	7.98947e+06
Cwc22	2.22814e+06
Cwc27	2.58832e+06
Cwf19l1	2.55554e+06
Cwf19l2	47654.8
Cxxc1	899873
Cyb5a	1.14298e+07
Cyb5b	4.27273e+06
Cyb5r1	3.36586e+06
Cyb5r3	1.00845e+07
Cyb5r4	582717
Cyba	1.06998e+07
Cybb	1.12065e+07
Cybc1	1.66642e+06
Cyc1	2.34489e+07
Cycs	1.1659e+07
Cyfip1	9.06907e+06
Cyfip2	164007
Cyp20a1	1.63184e+06
Cyp4f3	244338
Cyp51a1	106617
Cyrib	4.61737e+06
Cyth1;Cyth2;Cyth3	882129
Cyth4	2.74276e+06
Czib	3.94901e+06
D2hgdh	1.29987e+06
D8Ertd738e	1.44258e+06
DSCC1	534785
Dab2	2.85562e+06
Dad1	2.87339e+06
Daglb	1.26412e+06
Dalrd3	661296
Dap	1.26015e+06
Dap3	4.04667e+06
Dapk3	954889
Dars1	2.10349e+07
Dars2	5.89684e+06
Dazap1	1.7752e+07
Dbi	4.78412e+07
Dbnl	5.06497e+06
Dbt	5.59966e+06
Dcaf1	376272
Dcaf11	183767
Dcaf13	3.84502e+06
Dcaf5	279657
Dcaf7	783596
Dcaf8	2.32432e+06
Dcakd	5.18642e+06
Dck	555409
Dcp1a	776124
Dcp1b	301014
Dcps	5.59564e+06
Dctd	1.36199e+06
Dctn1	2.64213e+06
Dctn2	9.31646e+06
Dctn3	2.22299e+06
Dctn4	2.60628e+06
Dctn5	1.44655e+06
Dctpp1	1.34018e+06
Dcun1d1	1.96487e+06
Dcun1d5	1.56239e+06
Dcxr	950083
Dda1	1.62256e+06
Ddb1	1.22435e+07
Ddhd2	2.06321e+06
Ddi2	4.84476e+06
Ddost	4.46661e+07
Ddrgk1	640264
Ddt	5.60292e+06
Ddx1	9.90641e+06
Ddx10	2.68753e+06
Ddx17	1.32713e+07
Ddx18	5.02326e+06
Ddx19a	1.73712e+07
Ddx19b	109428
Ddx20	3.28388e+06
Ddx21	3.43084e+07
Ddx23	5.90989e+06
Ddx24	2.80557e+06
Ddx27	9.49108e+06
Ddx28	1.43113e+06
Ddx31	557505
Ddx39a	1.45389e+07
Ddx39b	4.20194e+07
Ddx3x	2.15188e+07
Ddx3y	1.09596e+06
Ddx41	2.18512e+06
Ddx42	4.7868e+06
Ddx43	91904.3
Ddx46	6.34151e+06
Ddx47	3.68273e+06
Ddx49	509983
Ddx5	3.53726e+07
Ddx50	2.69634e+06
Ddx51	1.88157e+06
Ddx52	2.73303e+06
Ddx54	4.13898e+06
Ddx56	4.79478e+06
Ddx59	89699
Ddx6	7.18179e+06
Decr2	851097
Def6	1.90502e+06
Degs1	1.78518e+06
Dek	1.38364e+07
Dennd10	355878
Dennd1a	21666.1
Dennd1b	229528
Dennd2a	402013
Dennd2d	123600
Dennd4a	267194
Dennd4b	2.51849e+06
Dennd4c	2.24362e+06
Denr	3.39091e+06
Dera	3.16346e+06
Derl1	4.24528e+06
Derpc	895293
Dffa	1.2351e+06
Dgat1	255373
Dgke	137735
Dgkz	2.91779e+06
Dglucy	6.75402e+06
Dguok	849621
Dhcr24	1.46871e+06
Dhcr7	5.2444e+06
Dhdh	1.55e+06
Dhfr	1.12447e+07
Dhodh	2.55995e+06
Dhps	1.2124e+06
Dhrs1	8.75369e+06
Dhrs13	1.34043e+06
Dhrs3	1.15091e+06
Dhrs4	1.50746e+06
Dhrs7	2.25505e+06
Dhrs7b	3.72758e+06
Dhrs9	3.84139e+06
Dhrsx	492234
Dhx15	3.10944e+07
Dhx16	1.56408e+06
Dhx29	1.75321e+06
Dhx30	2.37891e+06
Dhx33	1.23543e+06
Dhx34	164841
Dhx35	536591
Dhx36	1.07227e+06
Dhx37	1.51224e+06
Dhx38	1.57168e+06
Dhx8	1.34025e+06
Dhx9	1.86159e+07
Diablo	584545
Diaph1	2.30067e+06
Diaph2	758082
Dicer1	245798
Dido1	1.00422e+06
Dimt1	2.28102e+06
Dip2b	1.55316e+06
Dip2c	578293
Dipk2a	1.47406e+06
Dis3	3.05105e+06
Dis3l	70085.6
Dis3l2	1.43173e+06
Dkc1	1.14778e+07
Dlat	2.39911e+07
Dld	4.20338e+07
Dlg1	1.82314e+06
Dlgap4	1.16289e+06
Dlst	2.60771e+07
Dmac1	201335
Dmac2l	187302
Dmap1	1.47552e+06
Dmxl1	591686
Dnaaf10	3.51804e+06
Dnaaf5	2.39687e+06
Dnah17	3.28741e+06
Dnah2	1.2311e+06
Dnaja1	7.21246e+06
Dnaja2	2.09073e+07
Dnaja3	7.68697e+06
Dnajb1	1.48182e+06
Dnajb11	1.27181e+07
Dnajb12	485089
Dnajb2;Dnajb6	539500
Dnajb4	284599
Dnajc10	3.95308e+06
Dnajc11	4.31863e+06
Dnajc13	2.08553e+06
Dnajc15	930785
Dnajc16	152944
Dnajc17	623649
Dnajc19	1.19852e+06
Dnajc2	3.7974e+06
Dnajc21	592987
Dnajc3	1.3991e+07
Dnajc7	2.9223e+06
Dnajc8	5.00413e+06
Dnajc9	2.88299e+06
Dnase1l1	202118
Dnase2	2.99546e+06
Dnm1l	1.01165e+07
Dnm2	6.05696e+06
Dnm3	2.26766e+06
Dnmt1	6.43012e+06
Dnmt3a	908015
Dnpep	5.90393e+06
Dnph1	7.66064e+06
Dnttip1	338403
Dnttip2	6.26743e+06
Dock1	983669
Dock10	2.83319e+06
Dock11	645253
Dock2	8.94292e+06
Dock5	389574
Dock7	2.74043e+06
Dock8	2.1836e+06
Dohh	2.15127e+06
Dok1	1.31153e+06
Dok2	1.75947e+06
Dok3	4.6167e+06
Dpcd	712338
Dpf2	3.28451e+06
Dph1	238592
Dph2	581535
Dph5	1.21177e+06
Dph6	691455
Dph7	919802
Dpm1	4.10198e+06
Dpm3	2.89393e+06
Dpp3	3.73844e+06
Dpp7	4.16832e+06
Dpp8	368428
Dpp9	1.03285e+06
Dpy19l1	851272
Dpy30	1.22094e+07
Dpysl2	1.47415e+07
Dr1	6.1174e+06
Drap1	3.46214e+06
Drg1	4.14701e+06
Drg2	4.01591e+06
Drosha	228964
Dsp	46896.1
Dstn	8.88838e+06
Dtd1	1.45177e+06
Dtd2	1.02709e+06
Dtx3	697075
Dtx3l	525354
Dtymk	3.18134e+06
Dus2	694706
Dus3l	915795
Dusp12	139290
Dusp3	5.36883e+06
Dut	9.28254e+06
Dvl2	1.04066e+06
Dym	966304
Dync1h1	1.18119e+07
Dync1i2	3.01662e+06
Dync1li1	4.03605e+06
Dync1li2	2.27364e+06
Dync2i2	98245.8
Dynll1	5.8729e+06
Dynll2	1.78785e+06
Dynlrb1	4.00645e+06
Dynlt1	3.18715e+06
Dyrk1a	1.39713e+06
E2f4	1.24202e+06
Ears2	784125
Ebna1bp2	4.7874e+06
Ebp	351101
Ecd	409912
Ech1	6.36712e+06
Echdc1	4.92631e+06
Echdc3	8.01548e+06
Echs1	8.42084e+06
Eci1	9.33934e+06
Eci2	2.38642e+06
Ecpas	6.96366e+06
Ecsit	984766
Ect2	309420
Edc3	3.0901e+06
Edc4	3.29385e+06
Edem1	107775
Edem3	562866
Edf1	6.41667e+06
Eea1	1.73298e+07
Eed	1.77334e+06
Eef1a1	8.81818e+08
Eef1a2	1.14487e+06
Eef1akmt1	1.48292e+06
Eef1akmt2	579927
Eef1akmt4;Eef1akmt4-Ece2	2.3081e+06
Eef1b	9.73216e+07
Eef1d	8.39719e+07
Eef1e1	3.01211e+06
Eef1g	4.43186e+07
Eef2	1.24976e+08
Eefsec	1.933e+06
Eeig1	280815
Eepd1	358670
Efhd2	8.64202e+06
Efl1	1.54385e+06
Efr3a	2.06542e+06
Eftud2	1.40554e+07
Egln1	306255
Ehbp1l1	1.07381e+06
Ehd1	4.25509e+06
Ehd2	243114
Ehd4	1.04528e+07
Ehmt1	1.74197e+06
Ehmt2	1.5762e+06
Eif1;Eif1b	1.72699e+06
Eif1a	2.62636e+06
Eif1ad	718302
Eif1ax	6.14159e+06
Eif2a	7.81805e+06
Eif2ak2	1.71116e+06
Eif2ak4	179808
Eif2b1	2.52693e+06
Eif2b2	1.47557e+06
Eif2b3	2.59026e+06
Eif2b4	2.59503e+06
Eif2b5	3.306e+06
Eif2d	786897
Eif2s1	3.05896e+07
Eif2s2	1.39722e+07
Eif2s3x	2.13308e+07
Eif2s3y	3.32909e+06
Eif3a	1.42948e+07
Eif3b	1.25964e+07
Eif3c	7.86416e+06
Eif3d	1.03262e+07
Eif3e	1.31758e+07
Eif3f	1.07474e+07
Eif3g	2.51495e+07
Eif3h	1.38973e+07
Eif3i	1.13258e+07
Eif3j1;Eif3j2	9.26514e+06
Eif3k	5.94656e+06
Eif3l	1.44355e+07
Eif3m	4.41666e+06
Eif4a1	5.42234e+07
Eif4a2	1.53975e+06
Eif4a3	1.54545e+07
Eif4b	2.56309e+07
Eif4e	1.41491e+07
Eif4e2	572175
Eif4ebp1	1.80364e+06
Eif4enif1	570192
Eif4g1	1.02229e+07
Eif4g2	6.23962e+06
Eif4g3	2.80798e+06
Eif4h	3.4659e+07
Eif5	6.94163e+06
Eif5a	6.92543e+07
Eif5b	5.44533e+06
Eif6	2.06104e+07
Eipr1	2.38268e+06
Elac2	2.51706e+06
Elavl1	2.39582e+07
Elf1	1.53164e+06
Elf2	230539
Ell	572024
Elmo1	1.0948e+07
Elmo2	527109
Elmod2	393232
Eloa	1.62011e+06
Elob	1.13721e+07
Eloc	9.2841e+06
Elof1	622408
Elovl1	1.03275e+06
Elovl5	263104
Elp1	1.93119e+06
Elp2	1.5193e+06
Elp3	957030
Elp4	2.23155e+06
Elp5	1.05243e+06
Elp6	567599
Emc1	6.24345e+06
Emc10	2.02085e+06
Emc2	3.85412e+06
Emc3	881102
Emc4	1.61697e+06
Emc7	1.90517e+06
Emc8	7.01626e+06
Emd	3.86217e+06
Emg1	3.87846e+06
Emilin2	441289
Eml2	3.60505e+06
Eml3	998212
Eml4	3.17539e+06
Emsy	467990
Endod1	2.43558e+06
Endog	65824.4
Engase	719692
Eno1	8.49777e+08
Eno2	9.35171e+06
Eno3	1.63139e+06
Enoph1	936156
Enpp4;Enpp7	112349
Ensa	711563
Entpd5	32423.3
Entpd7	408667
Eny2	2.90593e+06
Ep300	809400
Ep400	292328
Epb41	2.63614e+06
Epb41l2	5.8134e+06
Epb41l5	130231
Epg5	158279
Ephx1	5.62175e+06
Epn1	525222
Epn2	230834
Eprs1	1.30786e+07
Eps15	4.27011e+06
Eps15l1	3.30855e+06
Eral1	1.90648e+06
Erap1	6.77826e+06
Erbin	1.34196e+06
Erc1	760252
Ercc2	597691
Ercc3	760758
Ercc4	2.40489e+06
Ercc6	25178.8
Ercc6l	641465
Ergic1	3.10784e+06
Ergic2	547584
Ergic3	1.01993e+06
Erh	2.00853e+06
Eri1	1.1943e+06
Eri3	364455
Erich1	262072
Erlec1	1.68726e+06
Erlin1	1.63314e+06
Erlin2	6.38815e+06
Ermp1	3.33398e+06
Ero1a	2.05733e+07
Ero1b	404605
Erp29	3.83842e+07
Erp44	8.94259e+06
Esco1	867935
Esd	6.40641e+07
Esf1	791304
Esrra;Esrrb	37482.3
Esyt1	2.76849e+06
Esyt2	2.15694e+06
Etf1	2.26657e+07
Etfa	2.73424e+07
Etfb	2.39536e+07
Etfdh	4.04878e+06
Ethe1	9.14983e+06
Etv3	167606
Etv6	655650
Evi2a	1.1466e+06
Evi2b	1.99298e+06
Evl	2.04899e+06
Ewsr1	2.10938e+06
Exd2	662816
Exoc1	2.03286e+06
Exoc2	1.20304e+06
Exoc3	870586
Exoc4	1.01099e+06
Exoc5	1.86826e+06
Exoc6	887883
Exoc6b	437108
Exoc7	821932
Exoc8	847867
Exog	343334
Exosc1	3.1237e+06
Exosc10	3.14145e+06
Exosc2	1.56106e+06
Exosc3	3.98793e+06
Exosc4	3.8956e+06
Exosc5	6.09333e+06
Exosc6	6.7206e+06
Exosc7	3.62865e+06
Exosc8	4.85837e+06
Exosc9	3.39763e+06
Eya3	1.3072e+06
Ezh2	1.08266e+06
Ezr	3.30747e+06
F8a1	254239
FAM120A	6.18529e+06
FRRS1	467670
Faah	709598
Fabp5	8.90777e+07
Fadd	1.85186e+06
Fads1	4.03964e+06
Fads2	3.0237e+06
Faf1	5.00245e+06
Faf2	4.84279e+06
Fah	864775
Fahd1	244316
Fahd2	1.26114e+06
Faim	1.83616e+06
Fam104a	265656
Fam107b	3.40194e+06
Fam111a	302452
Fam114a1	125516
Fam114a2	1.49161e+06
Fam117b	619245
Fam120c	608111
Fam136a	7.62736e+06
Fam151b	1.11484e+06
Fam162a	1.3483e+07
Fam177a1	627060
Fam185a	359864
Fam20b	989896
Fam234a	295006
Fam241a	28469.3
Fam3a	1.04165e+06
Fam3c	2.79189e+06
Fam50a	3.39365e+06
Fam76b	295100
Fam91a1	2.47877e+06
Fam98a	1.04306e+06
Fam98b	3.637e+06
Fam98c	392574
Fanci	1.46018e+06
Far1	8.51941e+06
Fars2	190922
Farsa	1.07727e+07
Farsb	1.20865e+07
Fasn	2.1713e+07
Fastkd2	1.41618e+06
Fastkd3	195295
Fastkd5	205448
Fbl	4.85706e+07
Fblim1	229034
Fbxl20	699293
Fbxl8	395421
Fbxo21	168304
Fbxo22	1.19537e+06
Fbxo3	886722
Fbxo30	912352
Fbxo38	517184
Fbxo45	175646
Fbxo6	1.58052e+06
Fbxo7	332970
Fbxw17	99793.2
Fcer1g	9.17389e+06
Fcf1	1.65559e+06
Fcgr1	1.6373e+06
Fcgr2	169421
Fcgr3	855873
Fcho2	549412
Fcsk	757657
Fdft1	204493
Fdps	1.79886e+07
Fdx1	2.61169e+06
Fdx2	1.15655e+06
Fdxr	5.11965e+06
Fech	315936
Fem1b	13274.9
Fen1	1.35865e+07
Fermt3	1.90317e+07
Fes	244574
Fgd1;Fgd4	2.83954e+06
Fgd3	2.66714e+06
Fgd6	13177.9
Fgfr1op2	341563
Fgr	2.63041e+06
Fh	1.0703e+07
Fhip2a	269269
Fhl3	7.05469e+06
Fhod1	352178
Fibp	243946
Fig4	1.27883e+06
Fip1l1	3.67392e+06
Fis1	5.59471e+06
Fiz1	393825
Fkbp11	2.79726e+06
Fkbp15	5.60009e+06
Fkbp1a	3.28391e+07
Fkbp2	1.78775e+07
Fkbp3	7.47669e+06
Fkbp4	2.07187e+07
Fkbp5	3.82915e+06
Fkbp8	4.15727e+06
Flad1	425498
Flcn	498549
Fli1	940137
Flii	3.02852e+06
Flna	1.57013e+07
Flnb	1.0638e+07
Flnc	4.17633e+06
Flrt2	287092
Flywch1	362455
Fmc1	869327
Fmnl1	1.83885e+07
Fmnl3	1.84485e+06
Fmr1	1.04194e+06
Fn3krp	451358
Fnbp1	1.23748e+06
Fnbp1l	925320
Fnbp4	641491
Fndc3a	524309
Fndc3b	3.72317e+06
Fnta	1.09481e+06
Fntb	227419
Focad	1.23058e+06
Fosl2	1.58183e+06
Foxj3	530124
Foxk1	1.91146e+06
Foxk2	1.29756e+06
Foxo3	118706
Foxp1	584051
Foxred1	1.02588e+06
Fra10ac1	825131
Frg1	3.88021e+06
Frk;Met;Mst1r;Src;Srms	1.41626e+07
Frmd4a;Frmd4b	65121.4
Frmd8	1.11438e+06
Fryl	726235
Fth1	1.15023e+07
Ftl1	2.32561e+07
Fto	799279
Ftsj3	6.4637e+06
Fubp1	2.18398e+07
Fubp3	6.859e+06
Fuca1	1.18135e+06
Fundc2	936400
Fuom	41107.4
Fus	1.29537e+07
Fut11	367505
Fv4	2.01583e+07
Fxr1	1.11901e+07
Fxr2	3.19945e+06
Fxyd2	3.03089e+06
Fxyd5	1.29637e+07
Fyb1	3.02159e+06
Fyco1	93353.4
Fyn	193204
Fyttd1	2.25685e+06
G3bp1	3.68938e+07
G3bp2	5.71553e+06
G6pc3	303815
G6pdx	1.40517e+07
Gaa	3.15717e+06
Gabarap	764595
Gabarapl2	693185
Gabpa	2.28086e+06
Gabpb2	1.52335e+06
Gadd45gip1	2.21981e+06
Gak	1.64127e+06
Galc	950170
Gale	77756.6
Galk1	1.25413e+07
Galk2	4.83323e+06
Galm	3.74407e+06
Galns	1.82466e+06
Galnt1	761196
Galnt2	745252
Galnt7	9.9842e+06
Gamt	552395
Ganab	1.81689e+07
Gapdh	7.16094e+08
Gapdhs	1.54566e+06
Gapvd1	2.93539e+06
Gar1	6.4486e+06
Gars1	4.57277e+07
Gart	1.96604e+07
Gas6	121517
Gas7	5.0405e+06
Gatad2a	3.20315e+06
Gatad2b	5.51872e+06
Gatb	2.11091e+06
Gatc	2.3696e+06
Gatd1	1.32119e+06
Gatd3	8.65263e+06
Gatm	9.36695e+06
Gba1	6.62654e+06
Gbe1	2.28397e+06
Gbf1	1.01049e+06
Gcat	7.30595e+06
Gcc2	745952
Gcdh	1.52418e+06
Gcfc2	999648
Gclc	2.25991e+06
Gclm	1.07874e+07
Gcn1	1.42948e+08
Gcsh	2.2937e+06
Gdap2	606446
Gde1	1.63466e+06
Gdi1	1.72012e+06
Gdi2	2.565e+07
Gemin4	1.05669e+06
Gemin5	2.10815e+06
Gemin6	652309
Gemin7	271749
Gen1	43711
Get3	1.37434e+07
Get4	1.7784e+06
Gfer	3.38745e+06
Gfm1	1.12516e+07
Gfm2	3.64216e+06
Gfod1	779025
Gfpt1	5.52796e+06
Gfus	2.44601e+06
Gga1	1.44059e+06
Gga2	4.0552e+06
Gga3	1.03375e+06
Ggct	437005
Ggcx	635037
Ggps1	551737
Ghitm	2.58391e+06
Gid8	640076
Gigyf2	2.50599e+06
Gins1	209664
Gins2	1.14363e+06
Gins3	1.3739e+06
Gins4	1.26664e+06
Gipc1	1.71942e+06
Git1	3.44777e+06
Git2	4.19939e+06
Gk	3.16452e+06
Gla	4.27183e+06
Glb1	3.63446e+06
Glce	334163
Gle1	1.81961e+06
Glg1	9.12859e+06
Glipr1	1.50915e+06
Glmn	667786
Glmp	2.40507e+06
Glo1	1.18159e+07
Glod4	7.80187e+06
Glrx	7.4579e+06
Glrx2	41510.9
Glrx3	1.4274e+07
Glrx5	5.40991e+06
Gls	1.13665e+07
Glt8d1	966353
Gltp	441772
Glud1	2.74713e+07
Glyr1	3.50561e+06
Gm10334;Gm5771;Prss1;Try4;Try5	4.14993e+07
Gm14325;Gm14399;Gm14412;Gm4631;Gm6710	266925
Gm2a	8.70393e+06
Gm50478	381188
Gmds	5.17729e+06
Gmeb2	1.24695e+06
Gmfb	9.08195e+06
Gmip	3.4154e+06
Gmppa	2.47891e+06
Gmppb	2.28423e+06
Gmpr	7.43311e+06
Gmpr2	4.63543e+06
Gmps	1.0333e+07
Gna13	4.12379e+06
Gnai2	4.60954e+07
Gnai3	4.70814e+06
Gnaq	2.61136e+06
Gnas	3.9324e+06
Gnb1	5.96436e+07
Gnb2	2.29989e+07
Gne	1.23459e+06
Gng10	3.6769e+06
Gng12	2.20032e+06
Gng2	2.21348e+06
Gng5	1.45602e+07
Gnl1	2.4412e+06
Gnl2	4.08528e+06
Gnl3	8.33381e+06
Gnl3l	1.3828e+06
Gnpda1	6.15937e+06
Gnpda2	1.38511e+06
Gnpnat1	2.80651e+06
Gnptab	410343
Gnptg	1.13899e+06
Gns	7.9646e+06
Golga2	1.33712e+06
Golga3	612557
Golga4	824655
Golga5	1.5885e+06
Golga7	571492
Golgb1	4.58319e+06
Golim4	1.53296e+06
Golm1	1.52731e+06
Golph3	2.11796e+06
Golph3l	610651
Golt1b	1.02611e+06
Gon7	552017
Gopc	1.84996e+06
Gorasp1	606922
Gorasp2	2.75945e+06
Gosr1	2.33036e+06
Gosr2	1.27035e+06
Got1	2.2178e+07
Got2	7.89067e+07
Gpaa1	1.5156e+06
Gpalpp1	275535
Gpat4	133460
Gpatch1	538682
Gpatch11	1.61086e+06
Gpatch4	930280
Gpatch8	884979
Gpd1l	1.53237e+07
Gpd2	4.69407e+06
Gphn	4.4106e+06
Gpi	3.72907e+07
Gpkow	1.79846e+06
Gpn1	366009
Gpn3	895650
Gpnmb	1.04237e+08
Gpr107	471673
Gps1	2.12559e+06
Gpsm3	3.09574e+06
Gpt2	2.2761e+06
Gpx1	2.07662e+06
Gpx4	1.55583e+06
Grap	148191
Grb2	9.77165e+06
Grcc10	2.97035e+06
Grhpr	7.97123e+06
Gripap1	2.86986e+06
Grk2	3.03244e+06
Grn	1.29517e+07
Grpel1	1.91286e+07
Grsf1	1.80553e+06
Grwd1	3.24062e+06
Gsdmd	4.27305e+06
Gse1	167707
Gsk3a	2.27491e+06
Gsk3b	1.05234e+06
Gsn	5.37092e+07
Gspt1	8.68457e+06
Gspt2	1.8325e+06
Gsr	8.11743e+06
Gss	2.85119e+06
Gstm1	1.07875e+06
Gsto1	1.21799e+07
Gstp1	1.55432e+06
Gstt3	655090
Gstz1	2.71286e+06
Gtf2a1	2.56704e+06
Gtf2a2	3.0827e+06
Gtf2b	1.50972e+06
Gtf2e1	218212
Gtf2e2	1.35477e+06
Gtf2f1	3.26065e+06
Gtf2f2	2.42886e+06
Gtf2h2	1.39352e+06
Gtf2h3	388069
Gtf2h5	545921
Gtf2i	4.64726e+06
Gtf3c1	1.07409e+06
Gtf3c2	1.29752e+06
Gtf3c3	2.24994e+06
Gtf3c4	1.52256e+06
Gtf3c5	1.48973e+06
Gtpbp1	3.39409e+06
Gtpbp2	381689
Gtpbp3	427377
Gtpbp4	6.90815e+06
Gtpbp8	825175
Gtse1	142246
Guf1	1.3963e+06
Guk1	770924
Gusb	2.1763e+07
Gyg1	6.63069e+06
Gys1	2.71438e+06
H1-0	6.03353e+07
H1-1	1.67889e+07
H1-2	4.5597e+07
H1-3	6.10777e+08
H1-4	4.27705e+08
H1-5	2.29043e+08
H2-D1	2.64382e+06
H2-K1	5.69345e+06
H2-L	6.24944e+06
H2-M3	865232
H2-Q2	6.36607e+06
H2-Q4	1.40469e+06
H2-T23	939119
H2ac11;H2ac12;H2ac13;H2ac15;H2ac25;H2ac4;H2ac6;H2ac7;H2ac8;H2aj;Hist1h2af;Hist1h2an;Hist1h2ao;Hist1h2ap	5.1157e+07
H2ac20;Hist2h2aa2	1.14058e+08
H2ac21	1.94323e+07
H2al3	822077
H2ax	5.74156e+09
H2az1;H2az2	1.07166e+08
H2bc14;H2bc15;H2bc3;H2bc8;H2bc9;Hist1h2bp;Hist2h2bb	1.25734e+09
H2bc21	549258
H3-3b;H3-5	2.45315e+06
H3c11;H3c15	3.82096e+09
H4c16	2.84295e+09
H6pd	2.31056e+06
Hacd2	652263
Hacd3	1.75928e+06
Hacl1	731372
Hadh	7.10408e+06
Hadha	1.93841e+07
Hadhb	1.6665e+07
Hagh	2.99528e+06
Hars1	1.84143e+07
Hars2	1.37961e+06
Haspin	146026
Hat1	2.90647e+06
Haus1	502183
Haus3	252565
Haus5	442744
Haus6	685770
Haus7	519546
Hax1	4.08702e+06
Hba	2.69852e+06
Hbb-b1;Hbb-b2;Hbb-y	1.30557e+06
Hbs1l	1.60824e+06
Hccs	3.33115e+06
Hcfc1	9.33015e+06
Hck	813837
Hcls1	1.93117e+07
Hdac1	1.42727e+07
Hdac2	2.17985e+06
Hdac3	1.6817e+06
Hdac6	375042
Hddc2	1.70171e+06
Hddc3	102469
Hdgf	1.55986e+07
Hdgfl2	657004
Hdhd2	3.88408e+06
Hdhd3	730229
Hdhd5	2.29714e+06
Hdlbp	1.25443e+07
Heatr1	6.57105e+06
Heatr3	3.42589e+06
Heatr5a	247352
Heatr5b	421006
Heatr6	378650
Hebp1	1.13413e+06
Hectd1	1.27053e+06
Hectd3	885511
Hectd4	114282
Helb	1.43096e+06
Hells	2.15644e+06
Helz	240909
Helz2	668542
Herc1	160146
Herc2	622208
Herc4	2.89752e+06
Herpud1	91476.7
Hexa	1.52224e+07
Hexb	7.99445e+06
Hexim1	1.28235e+06
Hexim2	2.3394e+06
Hgh1	981849
Hgs	3.64604e+06
Hgsnat	752421
Hibadh	6.89509e+06
Hibch	3.20322e+06
Hif1a	1.48396e+06
Hikeshi	1.2093e+06
Hint1	5.76086e+07
Hint2	877323
Hint3	479491
Hip1	1.40817e+06
Hira	890267
Hirip3	2.47391e+06
Hk1	2.61021e+07
Hk2	1.06168e+07
Hk3	8.9952e+06
Hltf	210205
Hm13	1.00956e+07
Hmbs	1.50136e+06
Hmces	221024
Hmg20a	1.82547e+06
Hmga1	2.01992e+07
Hmga2	8.65851e+06
Hmgb1	2.54318e+07
Hmgb2	3.3637e+07
Hmgb3	4.7316e+06
Hmgcl	1.42122e+07
Hmgcr	366184
Hmgcs1	2.92349e+06
Hmgn1	5.13015e+06
Hmgn2	426143
Hmgn5	5.22667e+06
Hmgxb4	275041
Hmmr	240776
Hmox1	4.34784e+06
Hmox2	2.89062e+06
Hnrnpa0	1.73693e+07
Hnrnpa1	5.07974e+07
Hnrnpa2b1	2.50551e+08
Hnrnpa3	5.27445e+07
Hnrnpab	8.83688e+07
Hnrnpc	1.24466e+08
Hnrnpd	6.1744e+07
Hnrnpdl	7.64938e+06
Hnrnpf	5.02149e+07
Hnrnph1	2.3081e+07
Hnrnph2	5.24524e+06
Hnrnph3	8.0967e+06
Hnrnpk	3.7273e+07
Hnrnpl	3.38507e+07
Hnrnpll	5.9036e+06
Hnrnpm	3.07737e+07
Hnrnpr	1.00292e+07
Hnrnpu	1.36303e+08
Hnrnpul1	7.84229e+06
Hnrnpul2	1.71127e+07
Hook3	2.34481e+06
Hp1bp3	8.90151e+06
Hpcal1	2.3321e+06
Hpdl	229420
Hpf1	4.24331e+06
Hpgds	1.6965e+06
Hprt1	3.35895e+07
Hps1	384362
Hps3	278839
Hps5	498585
Hps6	1.18882e+06
Hras;Kras	1.03846e+06
Hs1bp3	711798
Hs2st1	1.51126e+06
Hsbp1	1.28525e+06
Hscb	874801
Hsd17b10	2.82522e+07
Hsd17b11	2.601e+06
Hsd17b12	1.18534e+07
Hsd17b4	1.2745e+07
Hsd17b7	2.56656e+06
Hsd17b8	4.25157e+06
Hsdl1	147648
Hsdl2	609788
Hsp90aa1	1.14557e+08
Hsp90ab1	2.71432e+08
Hsp90b1	2.12688e+08
Hspa13	836954
Hspa14	4.46229e+06
Hspa1b	1.52655e+06
Hspa4	3.42355e+07
Hspa4l	1.05092e+07
Hspa5	1.51507e+08
Hspa8	2.36158e+08
Hspa9	9.02283e+07
Hspb11	167576
Hspbp1	6.13696e+06
Hspd1	1.71772e+08
Hspe1	9.12232e+07
Hsph1	2.25003e+07
Htatip2	6.21733e+06
Htatsf1	481380
Htra2	6.13488e+06
Htra4	686068
Htt	763556
Hus1	311602
Huwe1	3.49864e+06
Hycc1	406358
Hycc2	212057
Hyi	3.04341e+06
Hyou1	2.07079e+07
Hypk	1.34303e+06
Iah1	2.20415e+06
Iap	2.11819e+06
Iars1	1.47413e+07
Iars2	1.11098e+07
Icam1	1.84812e+06
Ice1	145815
Ide	7.40356e+06
Idh1	4.11761e+07
Idh2	3.05669e+07
Idh3a	3.06494e+07
Idh3b	1.26756e+07
Idh3g	2.42901e+07
Idi1	9.6438e+06
Ier3ip1	2.61804e+06
Ifi204	760627
Ifi207	98674.5
Ifi30	1.36212e+07
Ifi35	395383
Ifi44	276377
Ifitm3	9.55181e+06
Ifrd2	1.36517e+06
Ift172	178681
Ift22	1.23317e+06
Igbp1	1.57253e+06
Igf2	214921
Igf2bp2	485011
Igf2bp3	80513.4
Igf2r	6.03138e+06
Ighmbp2	43893.3
Ighv9-1;Ighv9-2;Ighv9-3;Ighv9-4	16811.4
Igsf6	37857.9
Ik	2.72177e+06
Ikbkb	1.11372e+06
Ikbkg	1.41449e+06
Ikzf1	3.02858e+06
Il16	5.0527e+06
Il1rap	216978
Il2rg	131876
Ilf2	8.21149e+06
Ilf3	8.55275e+06
Ilk	5.14876e+06
Ilkap	3.02257e+06
Ilvbl	1.44858e+06
Immt	1.55404e+07
Imp3	7.87698e+06
Imp4	6.38965e+06
Impa1	1.13004e+07
Impa2	6.32863e+06
Impdh1	3.40837e+06
Impdh2	3.65928e+07
Incenp	1.71124e+06
Inf2	2.5945e+06
Inip	409705
Inpp1	380418
Inpp5b	299225
Inpp5d	7.07459e+06
Inpp5e	117881
Inpp5k	1.40033e+06
Inppl1	3.16141e+06
IntS13	2.96433e+06
Ints1	1.89149e+06
Ints10	1.46192e+06
Ints11	2.44374e+06
Ints12	2.56635e+06
Ints14	1.79424e+06
Ints2	2.48853e+06
Ints3	1.95106e+06
Ints4	2.70362e+06
Ints5	1.59044e+06
Ints6	997241
Ints7	1.32595e+06
Ints8	1.70615e+06
Ints9	1.07858e+06
Ipo11	4.54777e+06
Ipo13	522182
Ipo4	6.90681e+06
Ipo5	1.1229e+07
Ipo7	5.69837e+06
Ipo8	869876
Ipo9	7.59306e+06
Iqgap1	1.72881e+07
Iqgap3	362149
Iqsec1	1.00697e+06
Irag2	3.21013e+06
Irak1	113290
Irak4	952779
Ireb2	216319
Irf2bp1	771103
Irf2bp2	2.05903e+06
Irf2bpl	4.05039e+06
Irf3	1.2785e+06
Irf5	1.58041e+06
Irgm1	967340
Irgq	1.53039e+06
Isca1	457590
Isca2	1.2438e+06
Iscu	5.10906e+06
Isg20	57215.1
Isg20l2	1.67108e+06
Isoc1	6.69158e+06
Isoc2a	4.05773e+06
Ist1	3.33475e+06
Isy1	2.10544e+06
Isyna1	2.26134e+07
Itch	555564
Itfg1	236025
Itga4	6.16474e+06
Itgal	2.30177e+06
Itgam	3.56291e+07
Itgav	1.22516e+06
Itgb1	6.54511e+06
Itgb2	8.80376e+06
Itgb5	5.90401e+06
Itgb6	8.55509e+06
Itm2b	1.47849e+06
Itm2c	614457
Itpa	3.58353e+06
Itpk1	769449
Itpkb	193789
Itpr1	396423
Itpr2	846993
Itpr3	2.55524e+06
Itprid2	1.51982e+06
Itsn2	1.13518e+06
Ivd	5.61594e+06
Ivns1abp	2.77727e+06
Iws1	3.46249e+06
Jade3	467279
Jagn1	669951
Jak1	657525
Jmjd1c	1.19534e+06
Jmjd6	620262
Jpt1	5.04452e+06
Jpt2	6.55728e+06
Jtb	771203
Jun	576590
Junb	1.66243e+06
Jund	1.21268e+06
Kank2	643181
Kansl2	140153
Kansl3	203218
Kars1	1.20629e+07
Kat14	210084
Kat7	1.0112e+06
Katna1	77088.2
Kbtbd11	7.26205e+06
Kcmf1	323233
Kcnab2	1.20567e+07
Kctd12	2.04841e+06
Kctd16;Kctd8	601399
Kctd1;Kctd21	99099.6
Kdm1a	3.36751e+06
Kdm1b	258769
Kdm2a	1.16237e+06
Kdm3b	1.33943e+06
Kdm5a	485397
Kdm6a	549348
Kdsr	1.60639e+06
Keap1	850485
Khdc4	525500
Khdrbs1	1.63929e+07
Khsrp	2.949e+07
Kiaa0319l	795543
Kiaa0513	900320
Kiaa1671	440979
Kiaa2013	1.15567e+06
Kidins220	828290
Kif11	976052
Kif13b	561505
Kif14	498082
Kif15	775037
Kif16b	179498
Kif1b	846001
Kif1c	323446
Kif20a	300080
Kif20b	753691
Kif21a	54045.8
Kif21b	680728
Kif22	415582
Kif23	1.05471e+06
Kif2a	3.25362e+06
Kif2c	1.06568e+06
Kif3a	454132
Kif3b	149771
Kif4	1.73498e+06
Kif5b	4.967e+06
Kifap3	380876
Kifbp	990285
Kifc5b	1.44509e+06
Klc1	3.12214e+06
Klc2	3.65614e+06
Klc4	394460
Klhdc4	2.11782e+06
Klrg2	1.10452e+06
Kmt2a	114188
Kmt2d	223308
Kmt5c	297209
Knop1	775251
Kntc1	606420
Kpna1	1.22186e+06
Kpna2	4.93935e+06
Kpna3	7.90565e+06
Kpna4	1.63816e+06
Kpna6	3.78807e+06
Kpnb1	3.56718e+07
Kptn	57467
Kri1	2.68358e+06
Krr1	7.13527e+06
Krt15	1.82049e+06
Krt1;Krt71;Krt73;Krt74;Krt77	114884
Krt5;Krt6a;Krt6b;Krt75	189339
Krt8	1.28065e+06
Kti12	1.49606e+06
Ktn1	2.8066e+06
Kxd1	405272
Kyat3	673593
L2hgdh	1.05566e+06
L3hypdh	1.20918e+06
L3mbtl3	62605.9
LRWD1	1.67373e+06
Lactb	3.36146e+06
Lactb2	6.4164e+06
Lage3	2.3532e+06
Lamc1	64209.5
Lamp1	2.47326e+07
Lamp2	1.91245e+07
Lamtor1	2.22019e+06
Lamtor2	4.90067e+06
Lamtor3	487465
Lamtor5	4.65255e+06
Lancl1	1.06712e+06
Lancl2	820788
Lap3	7.09523e+06
Larp1	7.54989e+06
Larp4	3.87968e+06
Larp4b	3.14582e+06
Larp7	1.94644e+06
Lars1	1.04335e+07
Lars2	3.8998e+06
Las1l	1.90969e+06
Lasp1	1.13525e+07
Lat2	1.41548e+06
Lbr	2.11827e+07
Lcmt1	491303
Lcmt2	17338.5
Lcp1	2.59168e+08
Lcp2	5.33832e+06
Ldah	388474
Ldha	4.62298e+08
Ldlr	1.68984e+06
Ldlrap1	140926
Lemd2	1.70726e+06
Lemd3	1.46078e+06
Leng8	78368.7
Leo1	2.49193e+06
Letm1	5.35911e+06
Letmd1	281435
Lgals1	1.93921e+07
Lgals3	4.81143e+07
Lgals3bp	1.8067e+06
Lgals8	516762
Lgalsl	605935
Lgmn	9.58791e+06
Lhpp	1.06735e+06
Lias	900062
Lig1	4.71006e+06
Lig3	2.54921e+06
Lilrb4a	1.53356e+06
Lima1	2.94286e+06
Limd1	973213
Limk2	383633
Lims1	6.0784e+06
Lin54	488275
Lin7c	1.13245e+07
Lipa	1.72677e+06
Lipe	1.70843e+06
Lipt1	274575
Llgl1	886974
Llph	368978
Lman1	7.84482e+06
Lman2	9.95799e+06
Lman2l	1.19942e+06
Lmf1	1.66814e+06
Lmf2	370213
Lmna	9.64189e+07
Lmnb1	3.62056e+07
Lmnb2	3.81703e+06
Lnpep	4.99387e+06
Lnpk	1.84384e+06
Lonp1	1.98926e+07
Lonp2	749921
Lpcat1	2.37507e+06
Lpcat2	750688
Lpcat4	1.29835e+06
Lpgat1	984443
Lpxn	5.26908e+06
Lrba	2.11636e+06
Lrch1	3.04469e+06
Lrch3	1.28768e+06
Lrch4	5.60229e+06
Lrmda	58132.7
Lrp1	9.86669e+06
Lrpap1	7.96905e+06
Lrpprc	1.33624e+07
Lrrc25	768959
Lrrc40	5.13591e+06
Lrrc41	1.24852e+06
Lrrc47	7.51028e+06
Lrrc57	2.2702e+06
Lrrc58	551840
Lrrc59	1.28436e+07
Lrrc8a	124020
Lrrc8c	504704
Lrrc8d	1.3819e+06
Lrrfip1	2.79045e+06
Lrsam1	86186.2
Lsg1	2.60778e+06
Lsm1	3.07656e+06
Lsm12	3.91852e+06
Lsm14a	1.85266e+06
Lsm2	2.85998e+06
Lsm3	1.08724e+07
Lsm4	4.76099e+06
Lsm6	7.36392e+06
Lsm7	1.69308e+07
Lsm8	1.00293e+07
Lsp1	7.97333e+06
Lss	6.46953e+06
Lta4h	9.14637e+06
Ltn1	655464
Ltv1	4.4382e+06
Luc7l	1.60823e+06
Luc7l2	4.70433e+06
Luc7l3	3.70875e+06
Luzp1	4.71794e+06
Lxn	823531
Ly86	2.4296e+06
Ly9	1.19388e+06
Lyar	4.41518e+06
Lyn	8.23744e+06
Lypla1	9.05141e+06
Lypla2	1.03239e+07
Lyrm4	2.72575e+06
Lyrm7	228904
Lyset	342532
Lyst	372205
Lyz2	9.46458e+07
Lzic	1.06452e+06
Lztr1	33136
M6pr	2.52294e+07
MACIR	368298
MINDY3	1.00171e+06
Macf1	4.47005e+06
Maco1	90734.8
Macrod1	1.84786e+06
Macroh2a1	3.57369e+07
Mad1l1	2.18335e+06
Mad2l1	3.96671e+06
Maea	284212
Maf1	601307
Maff	137563
Mafg	1.57986e+06
Magoh;Magohb	5.32443e+06
Magt1	3.31199e+06
Maip1	1.6217e+06
Mak16	6.65844e+06
Malt1	422775
Man1a2	391062
Man1c1	898654
Man2a1	2.80866e+06
Man2a2	252287
Man2b1	3.2183e+06
Man2b2	4.71062e+06
Man2c1	1.48538e+06
Manba	774914
Manf	1.18639e+07
Maoa	2.37542e+06
Map1lc3b	593289
Map1s	3.09931e+06
Map2k1	1.21028e+07
Map2k2	1.11738e+06
Map2k3	1.87385e+06
Map2k4	1.19743e+06
Map2k7	86003.9
Map3k1	60780.9
Map3k20	3.48975e+06
Map3k5	434999
Map3k7	200891
Map4	3.36253e+06
Map4k1	518100
Map4k4	2.27104e+06
Map7d1	3.05021e+06
Mapk1	6.86783e+06
Mapk14	1.07405e+07
Mapk3	1.9251e+07
Mapk4;Mapk6	209354
Mapk8	51546.6
Mapk9	269698
Mapkapk2	4.65479e+06
Mapkapk5	5.09831e+06
Mapre1	9.23971e+06
Mapre2	719145
Marchf5	902916
Marchf7	24005.2
Marcksl1	1.94068e+06
Marf1	435982
Mark2	686959
Mars1	1.63168e+07
Mars2	567645
Mast3	158408
Mat2a	9.35231e+06
Mat2b	3.39041e+06
Matr3	1.39805e+07
Mau2	175588
Mavs	2.7883e+06
Max	1.95742e+06
Mbd1	837070
Mbd2	1.99354e+06
Mbd3	3.63383e+06
Mblac2	156907
Mbnl1	3.68292e+07
Mboat7	1.37472e+06
Mcat	1.06374e+06
Mccc1	2.95795e+06
Mccc2	1.62988e+06
Mcee	1.48484e+06
Mcl1	1.65175e+06
Mcm2	9.48118e+06
Mcm3	7.69082e+06
Mcm3ap	852043
Mcm4	7.54847e+06
Mcm5	8.88918e+06
Mcm6	7.61785e+06
Mcm7	1.83635e+07
Mcmbp	1.0258e+06
Mcrip1	788853
Mcrip2	253015
Mcts1	5.583e+06
Mcu	984627
Mcub	2.02168e+06
Mdc1	2.80004e+06
Mdh1	6.29205e+07
Mdh2	1.9613e+08
Mdn1	2.81195e+06
Mdp1	5.22372e+06
Me1	4.59931e+07
Me2	8.99431e+06
Meaf6	1.00952e+06
Meak7	492451
Mecp2	589015
Mecr	5.98396e+06
Med1	445523
Med10	317326
Med11	431599
Med12	194686
Med13	442309
Med14	801191
Med15	2.73063e+06
Med16	937849
Med17	635210
Med18	498452
Med19	47410.3
Med20	925580
Med21	929323
Med22	1.02633e+06
Med23	938325
Med24	2.62143e+06
Med25	1.65059e+06
Med29	828896
Med30	20817.6
Med31	100745
Med4	157801
Med6	276921
Med7	62028.2
Med8	858948
Mef2a	1.57344e+06
Mef2c	1.32278e+06
Mef2d	1.4322e+06
Memo1	1.37811e+07
Men1	464398
Mepce	1.17444e+06
Mesd	9.82883e+06
Metap1	4.45405e+06
Metap2	540846
Mettl1	3.59796e+06
Mettl13	2.51542e+06
Mettl15	416245
Mettl16	3.39537e+06
Mettl2	5.14144e+06
Mettl26	1.59271e+06
Mettl3	293062
Mettl7a1;Mettl7a2;Mettl7a3	827806
Mfap1a;Mfap1b	1.9895e+06
Mff	754744
Mfge8	2.96528e+06
Mfn1	1.10101e+06
Mfn2	433443
Mfsd1	743501
Mfsd10	1.05879e+06
Mgat1	888492
Mgat2	2.89115e+06
Mgme1	1.16863e+06
Mgmt	791723
Mgrn1;Rnf157	189744
Mia2	1.49169e+06
Mia3	3.75722e+06
Mib1	716439
Micall2	273870
Micu1	1.24046e+06
Micu2	315491
Mideas	417645
Mif	3.25166e+08
Mif4gd	226464
Milr1	1.8281e+06
Mindy1	934117
Mindy2	136358
Mink1	705239
Minpp1	2.19371e+06
Mios	758314
Mipep	4.52848e+06
Mitf	3.83699e+06
Mix23	8.96341e+06
Mki67	9.34602e+06
Mkln1	258102
Mknk1	150817
Mlec	1.28219e+07
Mlf2	1.29606e+06
Mllt11	1.35302e+06
Mlst8	822047
Mmab	563503
Mmgt1	3.65623e+06
Mms19	1.5076e+06
Mmtag2	448378
Mmut	4.03004e+06
Mnat1	1.00887e+06
Mnd1	395993
Mnt	838039
Mob1a;Mob1b	4.38532e+06
Mob2	1.76451e+06
Mob4	2.6764e+06
Mocs3	696023
Mogs	7.74292e+06
Mon1a	111921
Mon2	994577
Morc2a	227476
Morc3	1.3461e+06
Morf4l1	625436
Morf4l2	1.83255e+06
Mospd2	744451
Mov10	2.19699e+06
Mpc1	3.19067e+06
Mpc2	969394
Mpdu1	448604
Mpeg1	2.79821e+06
Mphosph10	2.617e+06
Mphosph6	2.08777e+06
Mphosph8	550757
Mpi	420041
Mpp1	3.72184e+06
Mppe1	226871
Mprip	742156
Mpst	2.44033e+06
Mpv17l2	127255
Mre11	2.05461e+06
Mrfap1	1.35205e+06
Mrgbp	391566
Mri1	7.14456e+06
Mrm1	865744
Mrm3	1.08299e+06
Mroh1	6.30304e+06
Mrpl1	4.48222e+06
Mrpl10	1.38542e+06
Mrpl11	3.61516e+06
Mrpl12	1.60485e+07
Mrpl13	2.09003e+06
Mrpl14	2.4588e+06
Mrpl15	4.08193e+06
Mrpl16	2.10742e+06
Mrpl17	4.08991e+06
Mrpl18	3.51547e+06
Mrpl19	2.29957e+06
Mrpl2	2.00309e+06
Mrpl20	1.47822e+06
Mrpl21	2.56719e+06
Mrpl22	2.67953e+06
Mrpl23	2.00048e+06
Mrpl24	1.85568e+06
Mrpl27	4.86556e+06
Mrpl28	1.77606e+06
Mrpl3	4.7064e+06
Mrpl30	2.78094e+06
Mrpl32	768989
Mrpl33	3.10975e+06
Mrpl34	738952
Mrpl35	1.72264e+06
Mrpl37	2.74768e+06
Mrpl38	6.40068e+06
Mrpl39	2.89255e+06
Mrpl4	3.4609e+06
Mrpl40	1.32838e+06
Mrpl41	1.62658e+06
Mrpl43	2.72782e+06
Mrpl44	1.08982e+06
Mrpl45	2.12084e+06
Mrpl46	2.41626e+06
Mrpl47	1.56284e+06
Mrpl48	1.70087e+06
Mrpl49	1.77614e+06
Mrpl50	2.13747e+06
Mrpl53	3.52807e+06
Mrpl54	328661
Mrpl55	2.49408e+06
Mrpl58	2.65078e+06
Mrpl9	5.93369e+06
Mrps10	4.18511e+06
Mrps11	2.06124e+06
Mrps12	1.38548e+06
Mrps15	2.43034e+06
Mrps16	8.59018e+06
Mrps17	4.61632e+06
Mrps18a	3.20871e+06
Mrps18b	2.65968e+06
Mrps18c	1.33007e+06
Mrps2	1.7022e+06
Mrps21	3.44584e+06
Mrps22	6.37161e+06
Mrps23	3.69634e+06
Mrps24	4.49269e+06
Mrps25	4.16669e+06
Mrps26	4.86839e+06
Mrps27	5.9133e+06
Mrps28	2.65704e+06
Mrps30	2.38892e+06
Mrps31	2.56637e+06
Mrps33	4.11691e+06
Mrps34	8.02757e+06
Mrps35	2.24534e+06
Mrps36	2.73054e+06
Mrps5	7.49701e+06
Mrps6	6.08423e+06
Mrps7	2.12517e+06
Mrps9	8.30262e+06
Mrrf	1.37469e+06
Mrtfa	536041
Mrtfb	1.21139e+06
Mrto4	4.25978e+06
Msh2	5.29133e+06
Msh3	77032.4
Msh6	4.19099e+06
Msi2	1.00487e+06
Msn	4.56269e+07
Msra	1.62657e+06
Msto1	5.3312e+06
Mt1	716548
Mt2	868567
Mta1	2.00648e+06
Mta2	1.21423e+07
Mta3	1.18691e+06
Mtap	1.15306e+07
Mtarc2	6.0292e+06
Mtatp8	9.5188e+06
Mtch1	550753
Mtch2	2.04901e+07
Mtco2	9.86239e+07
Mtdh	1.96947e+07
Mterf3	506562
Mtfr1l	1.68225e+06
Mtg1	956761
Mthfd1	1.86565e+07
Mthfd1l	2.584e+07
Mthfd2	1.08339e+07
Mthfsl	975544
Mtif2	1.35213e+06
Mtln	208173
Mtmr1	604639
Mtmr12	123634
Mtmr2	937955
Mtmr3	451331
Mtmr6	2.46295e+06
Mtmr9	858271
Mtnd1	372289
Mtnd5	2.13802e+06
Mto1	814526
Mtor	1.48846e+06
Mtpap	3.6656e+06
Mtpn	8.55924e+06
Mtres1	426068
Mtrex	9.72242e+06
Mtrf1	388222
Mtss1	1.07091e+06
Mtx1	6.30343e+06
Mtx2	3.39967e+06
Mul1	458241
Mvb12a	297070
Mvd	8.77976e+06
Mvp	6.60324e+06
Myadm	831434
Mybbp1a	4.29109e+07
Mycbp	5.47773e+06
Mycbp2	1.02364e+06
Mycn	1.9109e+06
Myd88	1.31964e+06
Mydgf	1.37532e+07
Myef2	7.35822e+06
Myg1	6.12757e+06
Myh9	3.19285e+07
Myl12b	1.439e+07
Myl6	5.02259e+07
Mymx	1.39153e+06
Myo18a	3.72164e+06
Myo1c	9.37973e+06
Myo1d	1.14086e+07
Myo1e	5.32532e+06
Myo1f	1.94563e+06
Myo1g	2.06867e+06
Myo5a	2.17329e+06
Myo9b	1.34268e+06
Myof	2.96459e+06
Mzt1	980011
N4bp1	378110
N6amt1	270860
NARS1	1.77091e+07
Naa10	6.99267e+06
Naa15	1.29147e+07
Naa16	260431
Naa20	1.70049e+06
Naa25	2.31896e+06
Naa30	747173
Naa35	890849
Naa38	918449
Naa40	1.76107e+06
Naa50	6.63006e+06
Naaa	545044
Nab2	1.25137e+06
Nabp2	2.69555e+06
Naca	2.37828e+07
Nacc1	374520
Nadk	1.37601e+06
Nadk2	1.61026e+06
Nae1	2.2313e+06
Naf1	730981
Naga	4.99933e+06
Nagk	3.09482e+06
Naglu	1.05337e+07
Nagpa	3.52484e+06
Nampt	1.48367e+07
Nanp	1.7237e+06
Nans	8.87602e+06
Nap1l1	1.7498e+07
Nap1l4	4.17914e+06
Napa	6.02145e+06
Napg	4.17987e+06
Napsa	5.40162e+06
Nars2	1.95731e+06
Nasp	2.43203e+07
Nat10	1.09798e+07
Nat2	301268
Nat9	280677
Nav1	520388
Nav2	697217
Naxd	2.27364e+06
Naxe	1.3589e+07
Nbas	1.10263e+06
Nbeal2	361203
Nbn	1.47966e+06
Ncapd2	3.42089e+06
Ncapg	2.36785e+06
Ncapg2	648867
Ncaph	2.03577e+06
Ncaph2	1.03851e+06
Ncbp1	4.30018e+06
Ncbp2	2.07025e+06
Ncbp3	1.71127e+06
Ncdn	740503
Nceh1	3.23631e+06
Ncf1	3.7268e+06
Ncf2	8.08357e+06
Ncf4	3.63787e+06
Nck1	2.19422e+06
Nckap1l	3.82302e+06
Nckipsd	155071
Ncl	1.4627e+08
Ncln	9.11555e+06
Ncoa3	1.37885e+06
Ncoa5	1.82694e+06
Ncoa6	450792
Ncoa7	329358
Ncor1	845006
Ncor2	405845
Ncstn	4.50982e+06
Ndc1	5.07357e+06
Ndrg1	1.64436e+07
Ndrg2	8.57185e+06
Ndrg3	2.01546e+06
Ndufa10	7.48313e+06
Ndufa11	1.67031e+06
Ndufa12	945974
Ndufa13	8.08952e+06
Ndufa2	8.20032e+06
Ndufa4	2.00375e+07
Ndufa5	7.77351e+06
Ndufa6	9.75135e+06
Ndufa7	1.02992e+07
Ndufa8	5.94062e+06
Ndufa9	3.12521e+06
Ndufab1	729266
Ndufaf1	2.74876e+06
Ndufaf2	973233
Ndufaf3	2.09913e+06
Ndufaf4	782547
Ndufaf5	1.36177e+06
Ndufaf6	631676
Ndufaf7	2.96326e+06
Ndufb1	3.44313e+06
Ndufb10	2.7779e+06
Ndufb11	9.01163e+06
Ndufb2	3.54092e+06
Ndufb3	3.57211e+06
Ndufb4	6.78076e+06
Ndufb5	2.2748e+06
Ndufb6	1.18965e+06
Ndufb7	1.61811e+06
Ndufb8	4.50975e+06
Ndufb9	3.5389e+06
Ndufc2	1.20654e+07
Ndufs1	1.84768e+07
Ndufs2	5.94411e+06
Ndufs3	1.65115e+07
Ndufs4	776380
Ndufs5	1.68822e+07
Ndufs6	5.29965e+06
Ndufs7	3.49823e+06
Ndufs8	3.89946e+06
Ndufv1	1.00098e+07
Ndufv2	1.11765e+07
Ndufv3	5.40091e+06
Necap1	2.4531e+06
Necap2	3.1323e+06
Nectin1	798344
Nedd1	630461
Nedd8	6.10741e+06
Neil1	367288
Nek6	287648
Nek7	1.18043e+06
Nek9	2.00171e+06
Nelfa	1.43232e+06
Nelfb	1.43607e+06
Nelfcd	753032
Nelfe	1.45168e+06
Nemf	2.71976e+06
Nenf	2.47033e+06
Neo1	2.20432e+06
Nepro	199506
Neu1	3.35376e+06
Nf2	1.3873e+06
Nfat5	9.11974e+06
Nfatc1	4.68456e+06
Nfatc2	1.85119e+06
Nfatc2ip	433220
Nfil3	642675
Nfkb1	2.50744e+06
Nfkb2	2.36698e+06
Nfkbib	370416
Nfrkb	1.32315e+06
Nfs1	3.06521e+06
Nfu1	3.98392e+06
Nfx1	519909
Nfxl1	1.17853e+06
Nfya	249797
Nfyb	699151
Nfyc	2.42145e+06
Ngdn	2.63385e+06
Ngly1	551839
Ngrn	1.58212e+06
Nherf1	1.1415e+06
Nherf2	428915
Nhlrc2	1.27057e+06
Nhlrc3	1.33624e+06
Nhp2	4.54303e+06
Niban1	8.46288e+06
Niban2	1.0909e+07
Nif3l1	3.66059e+06
Nifk	6.75253e+06
Nip7	2.96355e+06
Nipbl	1.81816e+06
Nipsnap1	6.6382e+06
Nipsnap2	4.31901e+06
Nipsnap3b	1.43639e+06
Nisch	3.19168e+06
Nit1	2.19696e+06
Nit2	3.50119e+06
Nkap	955699
Nkiras2	253571
Nkrf	736174
Nktr	689945
Nle1	2.47847e+06
Nln	3.07966e+06
Nlrc5	945650
Nlrp3	1.15733e+06
Nlrx1	848981
Nmd3	654185
Nme1	1.92142e+08
Nme2	5.96316e+07
Nme3	1.74283e+06
Nme4	678476
Nme6	491591
Nme7	828984
Nmnat1	228429
Nmnat3	591240
Nmral1	4.81291e+06
Nmt1	7.79018e+06
Nmt2	1.63883e+06
Nnt	3.24722e+06
Noa1	2.00599e+06
Nob1	3.59066e+06
Noc2l	3.3918e+06
Noc3l	729382
Noc4l	4.95218e+06
Nol10	5.11014e+06
Nol11	4.44851e+06
Nol6	4.78236e+06
Nol7	4.59855e+06
Nol8	1.62864e+06
Nol9	865847
Nolc1	2.05357e+07
Nom1	1.12863e+06
Nomo1	5.72139e+06
Nono	2.78462e+07
Nop10	2.45359e+06
Nop14	4.91463e+06
Nop16	1.05439e+07
Nop2	1.5738e+07
Nop53	1.23181e+06
Nop56	1.4411e+07
Nop58	1.52274e+07
Nop9	908535
Nosip	1.51582e+06
Notch2	1.767e+06
Npc1	3.45967e+06
Npc2	1.18979e+07
Npepl1	2.97164e+06
Npepps	5.87044e+06
Npl	2.52734e+06
Nploc4	2.97388e+06
Npm1	1.12351e+08
Npm3	1.21725e+07
Nptn	8.88614e+06
Nqo2	3.12563e+06
Nr3c1	530657
Nras	9.77301e+06
Nrbf2	732667
Nrbp1	2.02043e+06
Nrdc	3.80301e+06
Nrf1	2.008e+06
Nrm	991234
Nrp2	3.77452e+06
Nsa2	3.45542e+06
Nsd2	329683
Nsd3	522332
Nsdhl	4.71016e+06
Nsf	1.05167e+07
Nsfl1c	1.07362e+07
Nsl1	174004
Nsmce1	485157
Nsmce3	1.33124e+06
Nsmce4a	350596
Nsrp1	1.57093e+06
Nsun2	1.03468e+07
Nsun5	541337
Nt5c	4.25151e+06
Nt5c2	634459
Nt5c3a	661554
Nt5c3b	1.73508e+06
Nt5dc1	1.26674e+06
Nt5dc2	614276
Nt5dc3	878789
Ntan1	2.03706e+06
Ntmt1	511086
Ntpcr	435855
Nub1	2.43294e+06
Nubp1	2.45073e+06
Nubp2	4.85972e+06
Nubpl	479648
Nucb1	7.32238e+06
Nucb2	3.99768e+06
Nucks1	7.49309e+06
Nudc	1.41297e+07
Nudcd1	3.74201e+06
Nudcd2	9.95106e+06
Nudcd3	1.70373e+06
Nudt14	3.58815e+06
Nudt16	1.61417e+06
Nudt16l1	839673
Nudt19	389918
Nudt2	2.12931e+06
Nudt21	8.08828e+06
Nudt3	3.94609e+06
Nudt5	1.23574e+07
Nudt7	43246.6
Nudt8	517538
Nudt9	2.36048e+06
Nufip2	1.33886e+06
Numa1	7.67956e+06
Numb	3.38462e+06
Nup107	3.78605e+06
Nup133	3.63013e+06
Nup153	6.15415e+06
Nup155	3.77406e+06
Nup160	3.15895e+06
Nup188	1.94693e+06
Nup205	5.45185e+06
Nup210	6.88027e+06
Nup214	5.609e+06
Nup35	3.25751e+06
Nup37	6.00163e+06
Nup42	2.38284e+06
Nup43	3.31525e+06
Nup50	5.43485e+06
Nup54	4.19312e+06
Nup58	2.99863e+06
Nup62	4.22293e+06
Nup85	1.05107e+08
Nup88	4.44515e+06
Nup93	1.53436e+07
Nup98	6.71608e+06
Nus1	151772
Nusap1	1.94101e+06
Nutf2	2.53939e+07
Nvl	3.92126e+06
Nxf1	5.12152e+06
Nxf7	5.42697e+06
Nxn	244808
Nxt1	1.26043e+06
Oard1	68404.4
Oas1a	2.84701e+06
Oas3	2.1365e+06
Oat	2.59337e+07
Obi1	1.08262e+06
Ociad1	4.97611e+06
Ocrl	1.15288e+06
Odr4	1.27905e+06
Ofd1	55212.2
Oga	3.98425e+06
Ogdh	1.17362e+07
Ogfr	3.45351e+06
Ogt	5.42435e+06
Ola1	8.95522e+06
Oma1	281706
Opa1	4.14009e+06
Opa3	832245
Or4a78;Or4a80	1.05964e+06
Or8g4	1.2171e+06
Orai1	328186
Orc1	631293
Orc2	694308
Orc3	1.26009e+06
Orc4	942935
Orc5	720851
Os9	524008
Osbp	1.95086e+06
Osbpl10;Osbpl11	452807
Osbpl1a	279152
Osbpl2	258759
Osbpl8	6.09501e+06
Osbpl9	1.31827e+06
Osgep	3.37639e+06
Ostc	7.00158e+06
Ostf1	1.22668e+07
Otub1	6.11524e+06
Otud4	1.74707e+06
Otud6b	2.20092e+06
Otud7b	1.00779e+06
Otulin	924597
Otulinl	1.05365e+06
Ovca2	835324
Oxa1l	4.95334e+06
Oxct1	2.65192e+07
Oxld1	1.27134e+06
Oxnad1	2.10183e+06
Oxsm	457387
Oxsr1	8.1709e+06
P2rx7	1.38851e+06
P3h1	460064
P4ha1	4.19582e+06
P4hb	1.4995e+08
Pa2g4	3.01867e+07
Pabpc1	4.0116e+07
Pabpc4	1.02372e+07
Pabpc6	449168
Pabpn1	7.37952e+06
Pacc1	955057
Pacs1	1.08654e+06
Pacs2	586342
Pacsin2	3.34574e+06
Paf1	2.61734e+06
Pafah1b1	1.20417e+07
Pafah1b2	1.34357e+07
Pafah1b3	3.91937e+06
Pafah2	340230
Paics	1.75437e+07
Paip1	2.15053e+06
Pak1	5.60524e+06
Pak1ip1	4.31314e+06
Pak2	9.45902e+06
Pald1	346551
Pals2	9.28603e+06
Pam16	2.97246e+06
Pan2	56162.2
Pank2	501806
Pank4	422145
Papola	2.06577e+06
Papolg	83522.5
Papss1	1.18283e+06
Parg	898234
Park7	3.94269e+07
Parl	69302.5
Parn	3.01779e+06
Parp1	1.77355e+07
Parp10	484968
Parp14	205054
Parp2	1.38273e+06
Parp3	370777
Parp4	473693
Parp9	1.01916e+06
Pars2	1.83872e+06
Parvb	1.49593e+06
Parvg	3.52738e+06
Patl1	1.68556e+06
Patz1	563105
Paxbp1	879675
Pbdc1	8.37905e+06
Pbk	2.8062e+06
Pbrm1	1.92105e+06
Pbxip1	250147
Pc	8.05646e+06
Pcbd2	1.96326e+06
Pcbp1	6.72778e+07
Pcbp2	4.96644e+07
Pcbp3	442699
Pcca	3.97925e+06
Pccb	4.24516e+06
Pcdh8	747651
Pcf11	629836
Pcid2	1.23167e+06
Pcif1	661148
Pck2	7.74621e+06
Pcm1	1.57768e+06
Pcmt1	2.99194e+06
Pcna	6.83511e+07
Pcnp	1.21621e+07
Pcnt	487571
Pcyox1	3.14231e+06
Pcyox1l	987363
Pcyt1a	1.90018e+06
Pcyt2	4.20379e+06
Pdap1	5.51785e+06
Pdcd1	330269
Pdcd10	2.63112e+06
Pdcd11	5.99542e+06
Pdcd2	1.38938e+06
Pdcd4	872425
Pdcd5	1.09364e+07
Pdcd6	5.90773e+06
Pdcd6ip	1.6421e+07
Pdcl	2.27706e+06
Pdcl3	1.4235e+06
Pde12	3.73445e+06
Pde4d	333230
Pde4dip	737630
Pde6d	775390
Pdha1	1.74227e+07
Pdhb	1.15069e+07
Pdhx	3.87805e+06
Pdia3	9.96681e+07
Pdia4	1.96228e+07
Pdia5	2.83242e+06
Pdia6	4.74599e+07
Pdk1	3.47669e+06
Pdk3	1.11115e+07
Pdlim2	2.82083e+06
Pdlim5	4.09163e+06
Pdlim7	341234
Pdp1	288269
Pdp2	2.41762e+06
Pdpk1	366148
Pdpr	1.0145e+06
Pdrg1	2.22547e+06
Pds5a	4.09834e+06
Pds5b	1.64147e+06
Pdss2	306618
Pdxdc1	5.03496e+06
Pdxk	5.29486e+06
Pdxp	1.32134e+06
Pdzd8	1.07155e+06
Pea15	335686
Peak1	1.07314e+06
Pebp1	3.75814e+07
Pecr	8.2647e+06
Pef1	2.21437e+06
Pelo	891736
Pelp1	3.49796e+06
Pepd	8.58222e+06
Pes1	6.38067e+06
Pet117	693220
Pex1	1.15122e+06
Pex10	1.20225e+06
Pex11b	982709
Pex12	552722
Pex14	1.59242e+06
Pex16	1.0672e+06
Pex19	1.17991e+06
Pex26	605765
Pex3	339379
Pex5	950480
Pex6	664473
Pfas	9.54592e+06
Pfdn1	5.63366e+06
Pfdn2	1.03404e+07
Pfdn4	2.69255e+06
Pfdn5	8.06197e+06
Pfdn6	1.23745e+07
Pfkfb2	185993
Pfkl	2.06723e+07
Pfkm	3.16531e+06
Pfkp	2.45409e+07
Pfn1	2.00533e+08
Pgam1	1.22379e+08
Pgam5	5.18422e+06
Pgap1	1.06656e+06
Pgd	6.11556e+07
Pgk1	2.34099e+08
Pgls	2.53046e+07
Pgm1	1.4568e+07
Pgm2	2.43334e+06
Pgm3	2.34834e+06
Pgp	4.58288e+06
Pgrmc1	1.16729e+07
Pgrmc2	8.29893e+06
Pgs1	1.70241e+06
Phactr4	557509
Phaf1	348275
Phax	1.79434e+06
Phb1	9.69946e+07
Phb2	3.78875e+07
Phc2	1.86426e+06
Phc3	795447
Phf10	1.99994e+06
Phf14	1.16441e+06
Phf2	553321
Phf23	448457
Phf3	451559
Phf5a	1.40248e+07
Phf6	5.21608e+06
Phf8	1.94961e+06
Phgdh	8.66715e+07
Phip	1.29416e+06
Phka2	175014
Phkb	712722
Phkg2	599628
Phospho1	236344
Phpt1	2.62586e+06
Phrf1	665791
Phyh	791366
Phyhd1	390329
Phykpl	419858
Pi4k2a	3.32462e+06
Pi4k2b	330279
Pi4ka	1.46108e+06
Pi4kb	872042
Pianp	1.65733e+06
Pias1;Pias2	619725
Picalm	3.89115e+06
Piezo1	569126
Pigb	1.09794e+06
Pigbos1	76805.5
Pigg	842114
Pigk	442529
Pign	880589
Pigo	105049
Pigs	5.35439e+06
Pigt	1.87717e+06
Pigw	648365
Pih1d1	2.51124e+06
Pik3ap1	2.0679e+06
Pik3c2a	667722
Pik3c3	865767
Pik3ca	194904
Pik3cb	229939
Pik3cd	420616
Pik3cg	238754
Pik3r1	408506
Pik3r2	1.05239e+06
Pik3r4	1.08392e+06
Pikfyve	1.03523e+06
Pimreg	464633
Pin1	8.54575e+06
Pin4	1.11163e+06
Pinx1	963530
Pip4k2a	1.99822e+06
Pip4k2b	577047
Pip4k2c	1.33117e+06
Pip4p1	1.47578e+06
Pip4p2	2.0015e+06
Pip5k1c	1.47558e+06
Pisd	886088
Pitpna	4.39315e+06
Pitpnb	1.62663e+06
Pitpnm1	487578
Pitrm1	7.86386e+06
Pkm	6.44945e+08
Pkn1	2.54103e+07
Pkn2	358133
Pknox1	491697
Pkp2	3.52976e+06
Pla2g12a	377938
Pla2g15	2.99565e+06
Pla2g4a	1.37173e+07
Plaa	3.05792e+06
Plau	292393
Plbd2	6.72123e+06
Plcb2	420622
Plcb3	1.06216e+06
Plcb4	6.11156e+06
Plcg1	585523
Plcg2	4.71935e+06
Plcl2	810599
Pld1	480206
Pld3	4.09656e+06
Pld4	8.13864e+06
Plec	1.74238e+07
Plek	9.27569e+06
Plekha1	819422
Plekha2	1.64442e+06
Plekhf1	8.71838e+07
Plekhg5	67429.4
Plekhm1	591149
Plekho2	2.60238e+06
Plgrkt	2.18034e+06
Plin3	2.91091e+06
Plk1	178060
Plod1	8.17953e+06
Plod2	1.19293e+06
Plod3	4.26338e+06
Plp2	8.70626e+06
Plpbp	8.0582e+06
Plpp1	1.20441e+06
Plrg1	2.19015e+06
Pls3	7.00016e+06
Plscr3	1.31119e+06
Plxnb2	4.1484e+06
Pmf1	612744
Pmfbp1	1.99081e+06
Pml	386656
Pmm2	8.52782e+06
Pmpca	1.20744e+07
Pmpcb	6.22057e+06
Pms1	270832
Pmvk	2.28449e+06
Pnisr	602829
Pnkp	2.14124e+06
Pnn	4.72864e+06
Pno1	1.52858e+06
Pnp	5.87663e+06
Pnpla6	471988
Pnpla7	430052
Pnpt1	9.02844e+06
Pofut1	1.82706e+06
Pofut2	797704
Poglut1	3.64965e+06
Poglut2	876866
Poglut3	2.05221e+06
Pogz	2.36218e+06
Pola1	1.83071e+06
Pola2	2.11058e+06
Polb	1.72418e+06
Pold1	1.9903e+06
Pold2	2.01267e+06
Pold3	1.62689e+06
Pold4	334626
Poldip2	2.71089e+06
Poldip3	2.72506e+06
Pole	332226
Pole3	1.9314e+06
Pole4	529485
Polg	119623
Poli	472772
Polr1a	1.18629e+06
Polr1b	722311
Polr1c	4.19155e+06
Polr1d	1.92842e+06
Polr1e	2.56657e+06
Polr1g	2.18647e+06
Polr1h	2.61061e+06
Polr2a	5.95043e+06
Polr2b	4.45521e+06
Polr2c	2.84975e+06
Polr2d	825475
Polr2e	4.67167e+06
Polr2f	2.2688e+06
Polr2g	2.39207e+06
Polr2h	4.02294e+06
Polr2i	4.54682e+06
Polr2l	3.62463e+06
Polr3a	1.79316e+06
Polr3b	699764
Polr3c	1.20156e+06
Polr3d	1.56494e+06
Polr3e	396617
Polr3f	588960
Polr3h	31120.9
Polrmt	252904
Pom121	1.04867e+06
Pomp	647321
Pon2	3.63317e+06
Pon3	1.07848e+07
Pop1	2.42412e+06
Pop4	353125
Pop5	624438
Pop7	410105
Por	1.64654e+07
Pou2f1	1.40524e+06
Ppa1	1.00027e+07
Ppa2	2.9583e+06
Ppan	4.27068e+06
Ppat	5.83275e+06
Ppcs	1.38767e+06
Ppfia1	817765
Ppfibp1	912269
Pphln1	1.85239e+06
Ppia	8.21045e+08
Ppib	3.81217e+07
Ppic	741518
Ppid	2.23034e+07
Ppie	1.03171e+06
Ppif	4.29919e+06
Ppig	3.67414e+06
Ppih	7.72167e+06
Ppil1	3.17253e+06
Ppil2	727116
Ppil3	1.1384e+06
Ppil4	1.73369e+06
Ppip5k2	1.40552e+06
Ppm1a	6.9874e+06
Ppm1b	4.08206e+06
Ppm1f	1.10682e+06
Ppm1g	1.02377e+07
Ppm1h	293201
Ppm1l	159034
Ppme1	5.45336e+06
Ppox	1.37358e+06
Ppp1ca	1.51269e+07
Ppp1cb	9.13941e+06
Ppp1cc	2.14868e+06
Ppp1r10	2.19702e+06
Ppp1r11	767288
Ppp1r12a	1.99378e+06
Ppp1r12b	105814
Ppp1r12c	572550
Ppp1r13b	110242
Ppp1r13l	606987
Ppp1r14b	4.68386e+06
Ppp1r18	4.72089e+06
Ppp1r2	2.1905e+06
Ppp1r21	1.65424e+06
Ppp1r7	4.91373e+06
Ppp1r8	2.41769e+06
Ppp1r9b	2.46714e+06
Ppp2ca	9.68619e+06
Ppp2r1a	2.19283e+07
Ppp2r1b	1.63647e+06
Ppp2r2a	6.49494e+06
Ppp2r2d	791791
Ppp2r5a	2.33673e+06
Ppp2r5c	4.09631e+06
Ppp2r5d	3.71477e+06
Ppp2r5e	817413
Ppp3ca	1.48784e+06
Ppp3cb	4.20985e+06
Ppp4c	3.07238e+06
Ppp4r1	2.66102e+06
Ppp4r2	2.5222e+06
Ppp4r3a	1.03587e+06
Ppp4r3b	707924
Ppp5c	3.58085e+06
Ppp6c	3.2442e+06
Ppp6r1	896029
Ppp6r2	382093
Ppp6r3	4.50143e+06
Ppt1	9.29186e+06
Ppt2	915988
Ppwd1	4.96751e+06
Pqbp1	1.01362e+07
Praf2	1.86498e+06
Prag1	942863
Pramel39;Pramel46;Pramel49;Pramel50	484986
Prc1	701071
Prcc	1.49159e+06
Prcp	2.35028e+06
Prdm10	261578
Prdx1	2.54778e+08
Prdx2	2.54882e+07
Prdx3	3.29389e+07
Prdx4	9.60528e+06
Prdx5	2.22312e+07
Prdx6	3.93489e+07
Preb	6.47452e+06
Prep	1.72498e+07
Prepl	288369
Prex1	3.19109e+06
Prim1	739046
Prim2	771798
Prkaa1	2.43948e+06
Prkab1	259720
Prkaca	1.43497e+06
Prkacb	4.33204e+06
Prkag1	388593
Prkar1a	8.97157e+06
Prkar2a	2.72244e+06
Prkar2b	5.44151e+06
Prkca	1.66199e+06
Prkcd	6.17529e+06
Prkch	389237
Prkcsh	9.2855e+06
Prkd2	1.16373e+06
Prkra	1.43089e+06
Prkrip1	275764
Prmt1	7.41429e+06
Prmt3	2.25119e+06
Prmt5	9.5176e+06
Prmt6	1.02093e+06
Prmt7	850710
Prorp	104250
Prorsd1	1.57195e+06
Pros1	459256
Prpf19	2.58594e+07
Prpf3	6.21034e+06
Prpf31	7.39477e+06
Prpf38a	3.26505e+06
Prpf38b	4.91367e+06
Prpf4	5.23379e+06
Prpf40a	1.08854e+07
Prpf4b	1.06824e+06
Prpf6	5.92685e+06
Prpf8	8.50597e+06
Prps1	8.25801e+06
Prps2	3.28778e+07
Prpsap1	2.7739e+06
Prpsap2	9.377e+06
Prrc1	8.69125e+06
Prrc2a	1.33418e+06
Prrc2c	4.6123e+06
Prss3	3.07825e+07
Prss59	1.86316e+06
Prune1	1.78255e+06
Prxl2a	6.92523e+06
Psap	1.73921e+08
Psat1	3.29622e+07
Psen1	612924
Psip1	4.95721e+06
Psma1	7.19798e+07
Psma2	1.93164e+07
Psma3	1.85889e+07
Psma4	4.24229e+07
Psma5	2.54422e+07
Psma6	2.40451e+07
Psma7	2.40718e+07
Psmb1	1.43746e+07
Psmb10	4.32253e+06
Psmb2	2.33958e+07
Psmb3	1.18599e+07
Psmb4	3.42029e+07
Psmb5	9.00215e+06
Psmb6	1.50408e+07
Psmb7	7.41558e+06
Psmb8	6.26478e+06
Psmb9	1.74339e+06
Psmc1	1.85025e+07
Psmc2	1.90673e+07
Psmc3	1.15183e+07
Psmc3ip	229364
Psmc4	1.79601e+07
Psmc5	1.07789e+07
Psmc6	1.43147e+07
Psmd1	8.47938e+06
Psmd10	2.41459e+06
Psmd11	2.1273e+07
Psmd12	3.15373e+06
Psmd13	2.25455e+07
Psmd14	1.54652e+07
Psmd2	1.38086e+07
Psmd3	6.3463e+06
Psmd4	9.73866e+06
Psmd5	7.7845e+06
Psmd6	7.93755e+06
Psmd7	5.38213e+06
Psmd8	1.29022e+07
Psmd9	5.05201e+06
Psme1	3.39353e+07
Psme2	8.52905e+06
Psme3	7.31309e+06
Psme3ip1	1.18477e+06
Psme4	470254
Psmf1	2.78926e+06
Psmg1	9.09413e+06
Psmg2	2.90224e+06
Psmg3	4.28297e+06
Psmg4	3.13502e+06
Pspc1	5.97043e+06
Psph	1.95219e+07
Psrc1	373121
Pstpip1	1.95797e+06
Pstpip2	2.05743e+06
Ptbp1	4.22676e+07
Ptbp3	8.44482e+06
Ptcd1	867937
Ptcd2	1.31906e+06
Ptcd3	5.19599e+06
Ptdss1	102266
Pter	1.96326e+06
Ptges2	1.28717e+06
Ptges3	1.18757e+08
Ptgr1	1.43416e+06
Ptgr2	2.84638e+06
Ptgr3	5.76268e+06
Ptk2	1.70177e+06
Ptk2b	6.14006e+06
Ptma	4.39134e+06
Ptms	1.61399e+07
Ptp4a2	626069
Ptpa	7.74473e+06
Ptpmt1	560291
Ptpn1	1.80921e+06
Ptpn11	1.57144e+06
Ptpn12	1.75283e+06
Ptpn18	2.84285e+06
Ptpn2	835562
Ptpn22	886813
Ptpn23	4.83526e+06
Ptpn6	2.87104e+07
Ptpn7	1.27003e+06
Ptpn9	988736
Ptpra	4.52018e+06
Ptprc	1.14805e+07
Ptpre	883037
Ptprj	2.04791e+06
Ptprs	273855
Ptrh2	2.27214e+06
Pts	3.43071e+06
Puf60	1.79406e+07
Pum1	687843
Pum2	3.55291e+06
Pum3	4.52299e+06
Pura	3.64419e+06
Purb	8.51826e+06
Pus1	1.81195e+06
Pus10	2.3176e+06
Pus7	3.70519e+06
Pus7l	677157
Pusl1	325740
Pvr	3.0366e+06
Pwp1	1.79715e+06
Pwp2	3.06415e+06
Pxdn	1.06192e+06
Pxk	3.85104e+06
Pxn	4.80195e+06
Pycr1	1.35769e+06
Pycr2	1.58595e+07
Pycr3	3.75399e+06
Pygb	6.07124e+06
Pygo2	754234
Pym1	1.36572e+06
Pyurf	93903.3
Qars1	5.24304e+06
Qdpr	5.8997e+06
Qki	5.48189e+06
Qrich1	822728
Qrsl1	2.32836e+06
Qsox2	611272
Qtrt1	2.34994e+06
Qtrt2	649611
R3hcc1	60859.4
R3hdm1	1.07356e+06
R3hdm2	858778
RO60	906579
RTRAF	1.53784e+07
Rab10	1.33261e+07
Rab11b	4.45326e+07
Rab11fip1	118486
Rab11fip5	662159
Rab12	296696
Rab14	1.68709e+07
Rab18	6.44998e+06
Rab1A	6.72341e+06
Rab1b	2.01345e+07
Rab21	4.80954e+06
Rab22a	17643.6
Rab24	2.70569e+06
Rab29	285401
Rab2a	1.21024e+07
Rab2b	528889
Rab31	5.41028e+06
Rab32	840099
Rab33b	688790
Rab34	2.67809e+06
Rab35	1.68956e+06
Rab39a	635019
Rab3d	560996
Rab3gap1	1.7167e+06
Rab3gap2	2.73846e+06
Rab3il1	1.56591e+06
Rab4b	3.49405e+06
Rab5a	2.24114e+06
Rab5b	1.85136e+06
Rab5c	5.75169e+06
Rab5if	1.88914e+06
Rab6a	1.0706e+07
Rab7a	6.24763e+07
Rab7b	1.18033e+06
Rab8a	7.59456e+06
Rab8b	1.04847e+07
Rab9a	4.33399e+06
Rabep1	1.88573e+06
Rabep2	587164
Rabepk	323809
Rabgap1	720748
Rabgef1	656123
Rabggta	4.64504e+06
Rabggtb	1.47102e+06
Rabif	1.96877e+06
Rabl3	33328.8
Rabl6	3.5328e+06
Rac1	1.21136e+08
Rac2	6.94254e+07
Racgap1	724182
Rack1	1.04611e+08
Rad18	1.06716e+06
Rad21	4.00358e+06
Rad23a	3.11291e+06
Rad23b	1.70088e+07
Rad50	4.67883e+06
Rad51ap1	529190
Rad51b	249655
Rae1	4.206e+06
Raet1a	2.61249e+07
Raet1b	2.16238e+06
Raf1	982758
Rai1	345697
Rai14	393889
Rala	971342
Ralb	1.03949e+07
Ralgapa1	443272
Ralgapb	1.15642e+06
Raly	2.71506e+07
Ran	2.43323e+08
Ranbp1	4.24131e+07
Ranbp10	4.71781e+06
Ranbp2	6.38909e+06
Ranbp3	6.38359e+06
Ranbp3l	1.46806e+06
Ranbp9	988321
Rangap1	7.84812e+06
Rangrf	708595
Rap1a	2.09498e+06
Rap1b	5.33448e+07
Rap1gds1	2.82117e+06
Rap2b	8.6178e+06
Rapgef1	376637
Rars1	2.22598e+07
Rars2	2.8975e+06
Rasa1	1.06761e+06
Rasa2	770408
Rasa3	1.14068e+06
Rasa4	989090
Rasal2	98935.6
Rasgrp3	1.30043e+06
Rassf2	4.26588e+06
Rassf5	443615
Raver1	6.69764e+06
Rb1	96986.2
Rb1cc1	51898.3
Rbbp4	1.56524e+07
Rbbp5	1.7438e+06
Rbbp6	2.17791e+06
Rbbp7	1.15404e+07
Rbck1	610567
Rbfa	784730
Rbis	91431.9
Rbl1	552684
Rbm10	4.64361e+06
Rbm12	2.9684e+06
Rbm12b1	240022
Rbm14	8.77405e+06
Rbm15	4.33184e+06
Rbm17	6.65436e+06
Rbm19	937073
Rbm22	6.63085e+06
Rbm25	6.34173e+06
Rbm26	2.52515e+06
Rbm27	2.31785e+06
Rbm28	2.82041e+06
Rbm3	1.7676e+07
Rbm33	550633
Rbm34	1.2921e+06
Rbm38	990052
Rbm39	1.83854e+07
Rbm4	589294
Rbm42	1.1286e+06
Rbm43	157749
Rbm45	575936
Rbm47	2.29886e+06
Rbm5	2.97723e+06
Rbm6	1.39265e+06
Rbm7	2.44696e+06
Rbm8a	4.33242e+07
Rbmx	3.94522e+07
Rbmx2	1.79153e+06
Rbmxl1	5.40917e+06
Rbpj	9.67506e+06
Rbpms	1.18948e+06
Rbsn	117436
Rbx1	8.46859e+06
Rcc1	1.58041e+07
Rcc1l	1.52757e+06
Rcc2	3.08844e+07
Rchy1	148880
Rcl1	2.70402e+06
Rcn1	1.49072e+06
Rcn2	1.49347e+06
Rcor1	1.8621e+06
Rcor3	71351.1
Rcsd1	587012
Rdh10	160201
Rdh11	3.56228e+06
Rdh13	5.01528e+06
Rdh14	1.41611e+06
Rdx	6.31764e+06
Recql5	3.708e+06
Reep5	759475
Reep6	1.67841e+06
Rel	1.46287e+06
Rela	3.88515e+06
Relch	278221
Renbp	2.72419e+06
Reps1	1.07767e+06
Rer1	2.89264e+06
Rere	1.33662e+06
Rest	49695.4
Retreg3	847858
Retsat	1.3073e+06
Rex1bd	2.11623e+06
Rexo1	41787.5
Rexo2	4.73268e+06
Rexo4	2.20676e+06
Rfc1	1.21743e+06
Rfc2	4.40772e+06
Rfc3	2.64875e+06
Rfc4	6.35455e+06
Rfc5	4.91562e+06
Rfk	3.07777e+06
Rftn1	3.80668e+06
Rfx1	1.5179e+06
Rfx5	703325
Rfxap	552343
Rgl2	227401
Rgs10	3.6168e+06
Rgs14	138576
Rgs19	1.81011e+06
Rhbdf2	1.59235e+06
Rheb	2.58744e+06
Rhoa	5.12096e+07
Rhoc	5.61463e+06
Rhof	3.4045e+06
Rhog	6.44923e+06
Rhot1	5.47783e+06
Rhot2	1.07974e+06
Ric8a	498987
Rida	1.16925e+06
Rif1	1.63187e+06
Rigi	1.21976e+06
Rilpl1	650176
Rilpl2	5.16539e+06
Rin2	119660
Rin3	74162.4
Ring1	409170
Rint1	480440
Riok1	3.40721e+06
Riok2	534730
Riok3	377866
Riox1	3.26588e+06
Riox2	967040
Ripk1	2.12774e+06
Ripk2	332295
Ripk3	2.1935e+06
Rit1	35365
Rlim	229275
Rmc1	499946
Rmdn1	3.49824e+06
Rmdn3	1.31968e+06
Rmnd1	568097
Rmnd5a	563432
Rnaseh2a	581966
Rnaseh2b	1.4121e+06
Rnaseh2c	1.48294e+06
Rnaset2a;Rnaset2b	1.57325e+06
Rnf113a2	1.86841e+06
Rnf114	1.32046e+06
Rnf126	5.23661e+06
Rnf130	445894
Rnf14	395370
Rnf149	147214
Rnf181	240147
Rnf2	3.02496e+06
Rnf20	1.21721e+06
Rnf213	2.0625e+06
Rnf214	348562
Rnf220	2.2533e+06
Rnf31	189192
Rnf40	1.49992e+06
Rngtt	700226
Rnh1	1.91733e+07
Rnmt	2.50937e+06
Rnpep	8.20922e+06
Rnps1	6.1356e+06
Rock1	824831
Rock2	2.23623e+06
Romo1	2.52616e+06
Rp2	2.99988e+06
Rpa1	7.74805e+06
Rpa2	7.06619e+06
Rpa3	2.33785e+06
Rpap1	472684
Rpap3	2.33263e+06
Rpe	1.73454e+06
Rpf1	2.19654e+06
Rpf2	5.71914e+06
Rpia	3.53185e+06
Rpl10	1.43816e+08
Rpl10a	9.27598e+07
Rpl11	6.419e+07
Rpl12	8.29877e+07
Rpl13	1.11388e+08
Rpl13a	6.6697e+07
Rpl14	9.11965e+07
Rpl15	6.24332e+07
Rpl17	4.30939e+07
Rpl18	9.52614e+07
Rpl18a	3.96748e+07
Rpl19	7.12931e+07
Rpl21	3.5415e+07
Rpl22	4.68574e+07
Rpl22l1	5.90106e+06
Rpl23	7.13397e+07
Rpl23a	3.09014e+07
Rpl24	7.12849e+07
Rpl26	6.52867e+07
Rpl27	8.74328e+07
Rpl27a	3.39465e+07
Rpl28	1.91231e+07
Rpl29	5.30163e+07
Rpl3	5.55988e+07
Rpl30	7.54217e+07
Rpl31	1.08384e+08
Rpl32	2.08401e+07
Rpl34	6.06386e+07
Rpl35	2.62662e+07
Rpl35a	7.46826e+07
Rpl36	3.11008e+07
Rpl36a	3.2075e+07
Rpl37	840587
Rpl37a	1.89175e+07
Rpl38	3.67877e+07
Rpl39	1.18849e+07
Rpl4	1.42026e+08
Rpl5	7.31441e+07
Rpl6	1.32263e+08
Rpl7	5.32832e+07
Rpl7a	8.13989e+07
Rpl7l1	3.20563e+06
Rpl8	1.12399e+08
Rpl9	2.0841e+07
Rplp0	8.3513e+07
Rplp1	1.91536e+06
Rplp2	1.23301e+08
Rpn1	4.54868e+07
Rpn2	1.68349e+07
Rpp14	106461
Rpp25l	1.99017e+06
Rpp30	2.63695e+06
Rpp38	289764
Rpp40	1.96707e+06
Rprd1a	996677
Rprd1b	3.2698e+06
Rprd2	1.82443e+06
Rps10	1.50449e+07
Rps11	7.92542e+07
Rps12	6.66516e+07
Rps13	1.13113e+08
Rps14	3.14447e+07
Rps15	3.56367e+07
Rps15a	3.48592e+07
Rps16	5.96646e+07
Rps17	5.42047e+07
Rps18	7.15604e+07
Rps19	3.07841e+07
Rps19bp1	1.27281e+06
Rps2	1.09418e+08
Rps20	1.12552e+08
Rps21	8.10067e+07
Rps23	5.79295e+07
Rps24	2.71128e+07
Rps25	7.27877e+07
Rps26	1.44008e+08
Rps27	6.50112e+07
Rps27a	2.07931e+07
Rps27l	3.61319e+06
Rps28	4.30556e+07
Rps29	1.27682e+07
Rps3	8.14182e+07
Rps3a	1.02292e+08
Rps4x	1.0671e+08
Rps5	2.70831e+07
Rps6	1.03702e+08
Rps6ka1	1.6065e+06
Rps6ka3	8.00651e+06
Rps6ka4	702189
Rps6ka5	668321
Rps6kb1	583857
Rps6kb2	130024
Rps7	1.10048e+08
Rps8	1.39327e+08
Rps9	1.13235e+08
Rpsa	8.29925e+07
Rptor	1.20475e+06
Rpusd2	1.14381e+06
Rpusd3	295563
Rpusd4	1.15071e+06
Rraga	4.0059e+06
Rragc	4.18306e+06
Rras2	5.31515e+06
Rrbp1	1.21109e+07
Rreb1	438506
Rrm1	4.2545e+06
Rrm2	649361
Rrp1	1.25679e+06
Rrp12	5.55157e+06
Rrp15	4.80167e+06
Rrp1b	5.12761e+06
Rrp7a	2.2645e+06
Rrp8	3.33244e+06
Rrp9	5.65012e+06
Rrs1	1.21691e+07
Rsbn1	937800
Rsbn1l	83963.4
Rsf1	1.54283e+06
Rsl1d1	1.07391e+07
Rsl24d1	664833
Rspry1	442791
Rsrc1	235383
Rsrc2	778451
Rsu1	7.62782e+06
RtcA	1.89865e+06
Rtcb	1.71685e+07
Rtf1	2.16837e+06
Rtf2	825771
Rtn3	4.6204e+06
Rtn4	1.16297e+07
Rtn4ip1	1.9034e+06
Rufy1	4.70694e+06
Rufy3	377982
Runx1	1.16525e+06
Runx3	425779
Rusc2	554137
Ruvbl1	2.78652e+07
Ruvbl2	2.1136e+07
Rwdd1	490241
Rwdd4	2.84239e+06
Rxrb	620623
Rxylt1	151887
Rybp	368550
S100a10	6.4115e+06
S100a11	1.58723e+07
S100a13	3.40844e+06
S100a4	1.12531e+08
S100a6	1.76389e+07
SERUM	2.20146e+07
Saal1	1.02759e+06
Sacm1l	1.06134e+07
Sacs	1.16639e+07
Sae1	1.09882e+07
Safb	9.15185e+06
Safb2	3.37339e+06
Samd1	627599
Samhd1	3.62504e+06
Samm50	2.15396e+07
Sap130	2.04466e+06
Sap18	2.2629e+07
Sap30	3.86887e+06
Sap30bp	656610
Sapcd2	261134
Sar1a	813606
Sar1b	1.21622e+07
Saraf	135624
Sarnp	1.46361e+07
Sars1	2.64661e+07
Sars2	2.53058e+06
Sart1	4.21323e+06
Sart3	3.82897e+06
Sash1	235340
Satb2	672644
Sbds	3.42108e+06
Sbf1	1.25996e+06
Sbf2	144890
Sbno1	1.0614e+06
Scaf1	3.06891e+06
Scaf11	1.89799e+06
Scaf4	1.50714e+06
Scaf8	2.51745e+06
Scamp1	3.87464e+06
Scamp2	3.90156e+06
Scamp3	4.6196e+06
Scarb2	1.55202e+06
Sccpdh	1.84704e+06
Scd1;Scd2;Scd3;Scd4	207210
Scel	4.73212e+06
Scfd1	3.78322e+06
Scfd2	485552
Scly	1.83014e+06
Sco1	705266
Sco2	1.34081e+06
Scp2	1.77671e+07
Scpep1	4.46178e+06
Scrib	1.99682e+06
Scrn2	150367
Scrn3	145513
Scyl1	2.1095e+06
Scyl2	597856
Scyl3	1.36338e+06
Sdad1	1.833e+06
Sdc4	750056
Sdcbp	4.13472e+06
Sde2	657135
Sdf2	479516
Sdf2l1	6.63217e+06
Sdf4	1.54223e+06
Sdha	2.84773e+07
Sdhaf2	1.11016e+06
Sdhb	1.7891e+07
Sdhc	815789
Sdhd	650238
Sdr39u1	264513
Sec11a	2.89679e+06
Sec11c	6.14547e+06
Sec13	7.58664e+06
Sec14l1	716515
Sec16a	3.14941e+06
Sec22b	1.54704e+07
Sec23a	2.27493e+06
Sec23b	6.69003e+06
Sec23ip	2.30092e+06
Sec24a	2.46603e+06
Sec24b	2.48228e+06
Sec24c	5.30698e+06
Sec24d	3.04816e+06
Sec31a	6.78416e+06
Sec61a1	9.15966e+06
Sec61b	1.05704e+07
Sec61g	685068
Sec62	5.64301e+06
Sec63	3.13328e+06
Secisbp2	375750
Secisbp2l	101878
Seh1l	2.98486e+06
Sel1l	1.65172e+06
Selenbp1	2.70901e+06
Selenof	4.78862e+06
Selenok	1.21014e+06
Selenoo	365697
Selenos	154778
Sema4a	893043
Sema4c	6.23626e+06
Sema4d	1.13895e+06
Senp1	8.22112e+06
Senp3	2.68786e+06
Senp7	384112
Sephs1	1.85644e+06
Sephs2	3.62277e+06
Septin10	831039
Septin11	9.73361e+06
Septin2	1.34374e+07
Septin6	3.18113e+06
Septin7	1.49881e+07
Septin8	205052
Septin9	1.79898e+07
Serbp1	1.49244e+07
Serf2	1.35053e+06
Serhl	1.94689e+06
Serinc3	671536
Serpinb6	1.15459e+07
Serpinb8	2.46307e+06
Serpinb9	299407
Set	6.02408e+07
Setd1a	1.70317e+06
Setd2	432806
Setd3	896680
Setd6	625077
Setd7	818266
Setdb1	50975.4
Setdb2	59086.6
Setx	33142.2
Sf1	8.06571e+06
Sf3a1	1.24166e+07
Sf3a2	4.70176e+06
Sf3a3	1.16677e+07
Sf3b1	1.19613e+07
Sf3b2	2.00558e+07
Sf3b3	1.53096e+07
Sf3b4	2.87759e+06
Sf3b5	4.69189e+06
Sf3b6	7.09103e+06
Sfn	1.33099e+08
Sfpq	6.80784e+07
Sfr1	80490.6
Sfswap	2.70247e+07
Sft2d3	618525
Sfxn1	1.27376e+07
Sfxn3	2.55876e+06
Sgk3	539359
Sgpl1	7.01281e+06
Sgpp1	907174
Sgta	6.50143e+06
Sh2b3	342861
Sh3bgrl	1.23849e+07
Sh3bgrl2	815688
Sh3bgrl3	3.3419e+07
Sh3bp1	2.12705e+06
Sh3gl1	1.95116e+06
Sh3glb1	2.28835e+06
Sh3glb2	1.93116e+06
Sh3kbp1	633967
Sh3pxd2b	4.12439e+06
Sh3yl1	2.40168e+06
Shc1	1.85378e+06
Shcbp1	1.1326e+06
Shfl	1.16193e+06
Shmt1	2.77904e+06
Shmt2	9.5819e+07
Shoc2	457281
Shprh	155583
Shq1	387765
Shtn1	2.77786e+06
Siae	206490
Sidt2	402612
Sigmar1	1.53066e+06
Sik2	55119.9
Sik3	750562
Sike1	256724
Sil1	4.33259e+06
Sin3a	2.05713e+06
Sipa1	2.40833e+06
Sirpa	7.68551e+06
Sirt1	299093
Sirt2	1.49339e+06
Sirt3	180487
Sirt4	500296
Sirt5	177136
Sirt7	479783
Siva1	458922
Skap2	2.10103e+06
Skic8	5.23084e+06
Skiv2l	2.44932e+06
Skp1	1.95206e+07
Slain2	1.08001e+06
Slc12a2	2.23411e+06
Slc12a4	2.35621e+06
Slc12a6	1.30519e+06
Slc12a7	811150
Slc12a9	6.37808e+06
Slc15a4	1.08225e+06
Slc16a1	890872
Slc16a3	1.00776e+07
Slc1a5	2.33857e+07
Slc23a2	4.5402e+06
Slc25a1	1.0102e+07
Slc25a10	4.28889e+06
Slc25a11	1.47286e+07
Slc25a12	9.70271e+06
Slc25a13	1.48038e+07
Slc25a19	102097
Slc25a20	1.23623e+06
Slc25a22	3.396e+06
Slc25a24	3.2353e+06
Slc25a25	314947
Slc25a3	4.72242e+07
Slc25a4	3.04019e+07
Slc25a5	2.16502e+08
Slc25a51	138741
Slc26a2	270967
Slc27a1	1.66387e+06
Slc27a4	761989
Slc2a1	1.44116e+07
Slc2a3	94484.6
Slc2a6	1.25261e+06
Slc30a1	2.30035e+06
Slc30a7	2.48434e+06
Slc30a9	393817
Slc35a3	344238
Slc35b2	2.3267e+06
Slc37a2	1.31824e+06
Slc38a2	316972
Slc38a7	1.27012e+06
Slc39a10	1.61109e+06
Slc39a11	1.40862e+06
Slc39a6	387218
Slc39a7	1.47796e+06
Slc3a2	4.40025e+07
Slc44a1	3.33621e+06
Slc44a2	3.18295e+06
Slc4a1ap	1.58141e+06
Slc4a7	3.70419e+06
Slc5a3	844726
Slc5a6	223445
Slc6a12	9.61881e+06
Slc6a6	1.41487e+06
Slc7a1	2.23752e+06
Slc7a14	50714.7
Slc7a5	1.09989e+07
Slc7a6	118858
Slc7a6os	757231
Slc9a6	1.32157e+06
Slco4a1	6.66658e+06
Slfn5	102340
Slirp	9.67268e+06
Slk	6.92153e+06
Slmap	410650
Sltm	2.11126e+06
Slx9	2.64969e+06
Smad1	899849
Smad2	7.0818e+06
Smap	4.42744e+06
Smap1	2.20333e+06
Smap2	1.52426e+06
Smarca2	1.71279e+06
Smarca4	5.32449e+06
Smarca5	1.20042e+07
Smarcad1	373054
Smarcal1	973192
Smarcb1	8.08379e+06
Smarcc1	1.00736e+07
Smarcc2	2.40137e+06
Smarcd1	350857
Smarcd2	4.12963e+06
Smarce1	4.00146e+06
Smc1a	8.16924e+06
Smc2	5.76955e+06
Smc3	5.78161e+06
Smc4	4.3462e+06
Smc5	371891
Smc6	458503
Smchd1	8.03026e+06
Smcr8	208930
Smg1	494690
Smg7	66433
Smg8	458147
Smg9	727226
Smim14	83676.2
Smim26	309703
Smn1	3.74815e+06
Smndc1	4.6991e+06
Smpd2	1.12035e+06
Smpd4	1.36569e+06
Smpdl3b	6.44261e+06
Sms	4.17614e+06
Smu1	7.5627e+06
Smyd2	238395
Smyd3	1.47196e+06
Smyd5	2.99739e+06
Snap23	3.37293e+06
Snap29	3.45487e+06
Snap47	1.11732e+06
Snapin	1.48265e+06
Snd1	2.68135e+07
Snf8	2.04448e+06
Snip1	1.42652e+06
Snrnp200	9.79426e+06
Snrnp27	2.10285e+06
Snrnp40	4.86793e+06
Snrnp48	24020.4
Snrnp70	2.00628e+07
Snrpa	6.93377e+06
Snrpa1	1.68166e+07
Snrpb2	5.05704e+06
Snrpb;Snrpn	6.87865e+07
Snrpc	2.82442e+06
Snrpd1	3.87168e+07
Snrpd2	3.35932e+07
Snrpd3	2.09619e+07
Snrpe	7.06059e+06
Snrpf	3.18183e+07
Snrpg	2.88491e+07
Snta1	1.30187e+06
Sntb2	1.61206e+06
Snu13	2.52942e+07
Snw1	3.92509e+06
Snx1	5.12157e+06
Snx12	5.64435e+06
Snx15	474466
Snx17	1.11198e+06
Snx18	685699
Snx2	7.98338e+06
Snx20	198904
Snx27	3.53395e+06
Snx3	1.56612e+07
Snx30	1.33324e+06
Snx4	1.31855e+06
Snx5	6.00395e+06
Snx6	1.08486e+07
Snx7	520159
Snx8	1.43967e+06
Snx9	1.10961e+07
Soat1	4.17547e+06
Sod1	1.03675e+08
Sod2	1.21164e+07
Soga1	132736
Son	6.99294e+06
Sorbs1	606450
Sorl1	4.40514e+06
Sp1	370184
Sp100	1.18919e+06
Sp110	2.25882e+06
Sp140	6.41465e+06
Sp3	178561
Spacdr	1.32226e+06
Spag7	1.79625e+06
Spag9	2.44285e+06
Spart	1.16781e+06
Spast	1.08243e+06
Spata5	2.25238e+06
Spata5l1	450775
Spats2	867941
Spc25	454918
Spcs1	3.08621e+06
Spcs2	8.76787e+06
Spcs3	1.76076e+07
Specc1	3.75938e+06
Spg11	586044
Spg7	1.34841e+06
Sphk2	568365
Spink5	417483
Spire1	48864.4
Spns1	2.6598e+06
Spout1	3.2229e+06
Spp1	1.44096e+07
Spr	9.53441e+06
Spred1	1.8518e+06
Spryd4	701147
Spryd7	1.83028e+06
Sptan1	705461
Sptbn1	531069
Sptlc1	1.90011e+06
Sptlc2	856947
Spty2d1	488130
Sqle	1.79779e+06
Sqor	388091
Sqstm1	9.49428e+06
Sra1	661518
Srbd1	1.56047e+06
Srek1	1.83907e+06
Srfbp1	330963
Srgap2	2.04841e+06
Srgap3	50952.3
Sri	8.50184e+06
Srm	2.14142e+07
Srp14	1.58825e+06
Srp19	1.03617e+06
Srp54	6.45563e+06
Srp68	3.28314e+06
Srp72	4.59758e+06
Srp9	4.5412e+06
Srpk1	2.30896e+06
Srpk2	1.43492e+06
Srpra	1.05266e+07
Srprb	2.97151e+06
Srrm1	6.25519e+06
Srrm2	1.68419e+07
Srrt	1.2827e+07
Srsf1	1.49505e+07
Srsf10	1.0809e+07
Srsf11	8.05394e+06
Srsf2	5.05894e+07
Srsf3	4.09831e+07
Srsf4	3.814e+06
Srsf5	5.83261e+06
Srsf6	9.13454e+07
Srsf7	3.59932e+07
Srsf9	1.05986e+07
Ss18	375444
Ssb	1.46139e+07
Ssbp1	2.57802e+06
Ssh3	893298
Ssna1	521588
Ssr1	2.27202e+07
Ssr3	5.43708e+06
Ssr4	1.28137e+07
Ssrp1	8.30845e+06
Ssu72	2.61218e+06
Ssx2ip	1.55184e+06
St13	2.31908e+07
St3gal5	95771.2
St8sia4	513390
Stag1	688391
Stag2	2.40812e+06
Stam	813208
Stam2	1.37538e+06
Stambp	1.33346e+06
Stambpl1	3.52506e+06
Stap1	3.83539e+06
Stard3	652221
Stard5	320545
Stat1	2.83756e+06
Stat2	405379
Stat3	2.18339e+06
Stat5b	685916
Stat6	4.11255e+06
Stau1	652094
Stau2	479447
Steap3	1.73349e+06
Steep1	1.34455e+06
Stim1	1.55214e+06
Stim2	627029
Sting1	489232
Stip1	2.32652e+07
Stk10	1.65435e+06
Stk11	263430
Stk19	194708
Stk24	2.05119e+06
Stk3	1.79324e+06
Stk38	527548
Stk38l	2.55257e+06
Stk4	7.3266e+06
Stmn1	1.97313e+07
Stn1	2.35377e+06
Stom	3.01435e+07
Stoml2	6.32937e+06
Strap	7.21812e+06
Strbp	9.8426e+06
Strip1	2.41414e+06
Strn	1.86224e+06
Strn3	2.00866e+06
Strn4	1.46816e+06
Stt3a	6.18151e+06
Stt3b	8.53774e+06
Stub1	4.18393e+06
Stx12	3.90969e+06
Stx16	1.50848e+06
Stx17	2.33463e+06
Stx18	614060
Stx2	930704
Stx3	495129
Stx4	3.37125e+06
Stx5	1.47928e+06
Stx6	1.39819e+06
Stx7	7.71973e+06
Stx8	3.00257e+06
Stxbp1	4.70863e+06
Stxbp2	5.79908e+06
Stxbp3	4.31192e+06
Stxbp5	1.77112e+06
Sub1	8.14333e+06
Sucla2	1.68019e+07
Suclg1	2.54239e+07
Suclg2	1.82593e+07
Sugp1	1.77433e+06
Sugt1	4.26694e+06
Sumf1	1.64661e+06
Sumf2	203391
Sumo1	1.33434e+07
Sumo2	3.99213e+07
Sun1	1.40019e+06
Sun2	1.45939e+06
Supt16h	1.20689e+07
Supt4h1a;Supt4h1b	4.34745e+06
Supt5h	6.81373e+06
Supt6h	3.00889e+06
Supv3l1	2.61951e+06
Surf1	1.42579e+06
Surf2	137718
Surf4	4.78749e+06
Surf6	3.07645e+06
Suv39h1	626181
Suz12	1.48099e+06
Svil	241654
Swap70	3.12809e+06
Syap1	1.63039e+06
Syce2	288331
Syf2	343718
Syk	1.4333e+06
Sympk	3.46469e+06
Syncrip	4.14032e+07
Syne1	616531
Syne3	1.06607e+06
Syngr1	3.73951e+06
Syngr2	362312
Synj1	1.13144e+06
Synj2bp	3.93139e+06
Synrg	894529
Sypl1	1.77832e+06
Szrd1	1.65628e+06
TRYPSINOGEN.	3.56541e+08
Tab1	576626
Tacc1	625175
Tacc3	875756
Taco1	3.76753e+06
Taf1	77970.3
Taf10	845240
Taf15	1.26344e+06
Taf3	157511
Taf4	434321
Taf5	598556
Taf5l	429486
Taf6	764120
Taf6l	776694
Taf8	197342
Taf9	1.16617e+06
Tagln2	2.29569e+07
Tal1	80732.5
Taldo1	6.70767e+07
Tamm41	3.14332e+06
Tanc1	294937
Tank	233594
Taok1	944637
Taok3	5.66142e+06
Tap1	1.0398e+06
Tap2	1.92223e+06
Tapbp	7.20522e+06
Tarbp1	324177
Tarbp2	192864
Tardbp	2.09544e+07
Tars1	8.50252e+06
Tars2	5.9379e+06
Tatdn1	659602
Tatdn2	136935
Tatdn3	3.76559e+07
Tax1bp1	349435
Tbc1d1	383317
Tbc1d10b	512863
Tbc1d13	261652
Tbc1d15	4.69829e+06
Tbc1d17	1.23101e+06
Tbc1d2	777121
Tbc1d22a	296847
Tbc1d22b	134676
Tbc1d23	2.98305e+06
Tbc1d2b	185292
Tbc1d4	804575
Tbc1d5	2.14801e+06
Tbc1d9b	595780
Tbca	4.15291e+06
Tbcb	5.43028e+06
Tbcc	2.52807e+06
Tbcd	6.72554e+06
Tbce	1.31499e+06
Tbck	234125
Tbk1	1.28035e+06
Tbl1x	837920
Tbl1xr1	6.97668e+06
Tbl2	3.74713e+06
Tbl3	3.736e+06
Tbpl1	456176
Tbrg4	5.57943e+06
Tcea1	6.42325e+06
Tcerg1	6.02746e+06
Tcf25	1.20512e+06
Tcirg1	9.10703e+06
Tcof1	5.93456e+06
Tcp1	4.06308e+07
Tdg	480094
Tdp1	946589
Tdp2	866617
Tdrd3	445805
Tdrkh	2.48868e+06
Tec	205761
Tecr	5.5505e+06
Tefm	1.03139e+06
Telo2	939029
Ten1	1.12904e+06
Tent4b	1.02332e+06
Tep1	454300
Tepsin	300471
Terf2	449377
Tes	3.81745e+06
Tex10	1.07426e+06
Tex264	9.29048e+06
Tex30	329311
Tfam	3.00561e+06
Tfb1m	1.47237e+06
Tfb2m	209790
Tfdp1	2.08862e+06
Tfe3	1.1848e+06
Tfg	5.16584e+06
Tfip11	981775
Tfrc	6.09286e+06
Tgfbr2	281449
Tgs1	677122
Tha1	449563
Thada	1.32186e+06
Thap11	276218
Thap12	193341
Them6	7.44763e+06
Themis2	364161
Thoc1	2.66876e+06
Thoc2	1.71276e+06
Thoc3	4.76608e+06
Thoc5	1.02479e+06
Thoc6	1.22885e+06
Thoc7	1.75995e+06
Thop1	4.06005e+06
Thrap3	1.42196e+07
Thtpa	757420
Thumpd1	4.82825e+06
Thumpd2	106108
Thumpd3	2.30293e+06
Thyn1	4.18219e+06
Tial1	1.07098e+07
Ticam1	214605
Tigar	3.78959e+06
Timeless	480759
Timm10	1.79056e+06
Timm10b	1.40489e+06
Timm13	1.38438e+07
Timm17a	784457
Timm17b	5.00969e+06
Timm21	854908
Timm23	2.19982e+06
Timm29	1.40963e+06
Timm44	4.20591e+06
Timm50	9.24704e+06
Timm8a1	1.31807e+07
Timm8b	5.66848e+06
Timm9	1.71312e+07
Timmdc1	137401
Tiprl	1.44607e+06
Tjap1	331648
Tjp2	924232
Tk1	654247
Tkfc	2.09895e+06
Tkt	9.77411e+07
Tle3	598469
Tlk1	199476
Tlk2	711333
Tln1	4.00616e+07
Tlr13	1.38752e+06
Tlr2	2.6552e+06
Tlr7	1.08118e+06
Tm2d2	497232
Tm6sf1	724553
Tm7sf3	611584
Tm9sf1	1.20737e+06
Tm9sf2	1.08707e+06
Tm9sf3	8.32874e+06
Tm9sf4	4.21084e+06
Tma16	1.32629e+06
Tma7	3.11947e+06
Tmc5	84127
Tmco1	9.47005e+06
Tmco6	449598
Tmed1	372036
Tmed10	9.54594e+06
Tmed2	756331
Tmed3	325471
Tmed4	2.71239e+06
Tmed5	1.45747e+07
Tmed7	6.19016e+06
Tmed9	4.33909e+06
Tmem106a	1.5478e+06
Tmem106b	2.1668e+06
Tmem109	1.16618e+06
Tmem11	6.43151e+06
Tmem120a	560390
Tmem126a	3.10248e+06
Tmem131	99175.2
Tmem135	561044
Tmem160	800483
Tmem165	2.53103e+06
Tmem167a	1.15226e+06
Tmem176b	69779.7
Tmem181a	190572
Tmem186	519919
Tmem19	2.2197e+06
Tmem205	6.75237e+06
Tmem209	741507
Tmem214	1.07537e+07
Tmem230	1.80028e+06
Tmem237	807682
Tmem245	682604
Tmem259	805430
Tmem263	2.03496e+06
Tmem30a;Tmem30b	3.5413e+06
Tmem33	8.63152e+06
Tmem38b	1.19148e+06
Tmem41b	290186
Tmem43	4.39159e+06
Tmem63a	534190
Tmem68	692366
Tmem87a	1.33861e+06
Tmem9b	414673
Tmf1	416075
Tmlhe	3.75089e+06
Tmod3	6.95992e+06
Tmpo	2.89121e+07
Tmsb10	2.60711e+06
Tmsb4x	4.11212e+06
Tmtc3	63750
Tmx1	7.22507e+06
Tmx2	2.83029e+06
Tmx3	1.51417e+07
Tmx4	1.0209e+06
Tnfaip2	238818
Tnfaip8l2	1.54382e+06
Tnfrsf23	69702.4
Tnfrsf26	192132
Tnip1	671979
Tnks1bp1	1.53586e+06
Tnpo1	1.23525e+07
Tnpo3	2.18439e+06
Tns3	2.08806e+07
Tnxb	814954
Toe1	762251
Tollip	3.53922e+06
Tom1	5.07814e+06
Tom1l1	290498
Tom1l2	353566
Tomm20	697481
Tomm22	2.10562e+06
Tomm34	3.93306e+06
Tomm40	5.98559e+06
Tomm5	2.78194e+06
Tomm6	5.01597e+06
Tomm70	9.85428e+06
Top1	6.80367e+06
Top2a	4.75696e+06
Top2b	6.82819e+06
Top3b	722699
Topbp1	96156.6
Tor1a	854323
Tor1aip1	6.34596e+06
Tor1aip2	1.27702e+06
Tor1b	353045
Tor2a	612818
Tor3a	1.76873e+06
Tox4	1.40337e+06
Tp53bp1	2.94874e+06
Tp53rkb	600347
Tpcn1	512995
Tpd52	1.29478e+07
Tpd52l2	5.77278e+06
Tpi1	1.89032e+08
Tpk1	876191
Tpm1	3.99682e+06
Tpm2	1.8764e+06
Tpm3	6.14836e+07
Tpm3-rs7	7.67729e+07
Tpm4	5.60397e+06
Tpp1	2.26441e+07
Tpp2	8.11664e+06
Tpr	8.03442e+06
Tprkb	1.12905e+06
Tprn	131038
Tpt1	2.2283e+07
Tpx2	1.69841e+06
Tra2a	3.3182e+06
Tra2b	9.00181e+06
Trabd	1.6923e+06
Tradd	1.69723e+06
Traf2	419451
Traf3ip2	318615
Tram1	610440
Trap1	3.31041e+07
Trappc1	1.99132e+06
Trappc10	288040
Trappc11	927666
Trappc13	420118
Trappc2	409005
Trappc2l	791495
Trappc3	2.31742e+06
Trappc4	2.36508e+06
Trappc5	1.44103e+06
Trappc6a	372261
Trappc6b	533524
Trappc8	861943
Trappc9	302112
Trdmt1	118220
Trem2	1.4467e+06
Trex1	741647
Triap1	2.53448e+06
Trim14	661155
Trim24	755397
Trim25	3.35461e+06
Trim28	4.29023e+07
Trim32	577560
Trim33	1.45803e+06
Trim56	989506
Trim59	419521
Triobp	138412
Trip10	568104
Trip11	1.5153e+06
Trip12	2.01841e+06
Trip13	1.40226e+06
Trip4	543175
Trir	675162
Trit1	379552
Trmt1	6.64834e+06
Trmt10c	1.70799e+06
Trmt11	280719
Trmt112	1.13163e+07
Trmt13	88495
Trmt1l	1.46324e+06
Trmt2a	6.16569e+06
Trmt2b	120200
Trmt5	2.71677e+06
Trmt6	1.72945e+06
Trmt61a	2.7286e+06
Trmu	893493
Trnt1	3.58555e+06
Trps1	279808
Trpv2	5.47735e+06
Trrap	1.3124e+06
Trub1	489732
Trub2	670068
Try10	1.21463e+06
Tsc1	155062
Tsc2	168460
Tsc22d2	116826
Tsen34	525911
Tsen54	719444
Tsfm	7.76693e+06
Tsg101	1.51924e+06
Tsn	2.81383e+06
Tsnax	960029
Tspan14	741051
Tspan31	890888
Tsr1	4.55058e+06
Tsr2	1.62596e+06
Tssc4	3.11684e+06
Tst	245871
Tstd3	1.11112e+06
Ttc1	3.02053e+06
Ttc13	446259
Ttc23l	2.10856e+06
Ttc27	1.93519e+06
Ttc33	67761.8
Ttc37	2.34042e+06
Ttc38	477043
Ttc39b	1.75728e+06
Ttc4	371825
Ttc5	301468
Ttc9c	399676
Ttf1	339234
Ttf2	454495
Tti1	399106
Ttk	417829
Ttll12	5.73308e+06
Ttn	403821
Ttpal	510566
Tuba1c	2.29551e+08
Tuba4a	3.93896e+07
Tubb2a;Tubb2b	1.35687e+06
Tubb3	1.93027e+06
Tubb4a	3.31995e+07
Tubb5	1.5731e+08
Tubb6	4.5106e+07
Tubg1	4.93317e+06
Tubgcp2	2.46483e+06
Tubgcp3	832475
Tubgcp4	537995
Tubgcp5	150540
Tubgcp6	133741
Tufm	2.80987e+07
Tulp3	332842
Tut4	375441
Tut7	1.09674e+06
Twf1	3.25638e+06
Twf2	9.39318e+06
Twsg1	1.06926e+06
Txlna	3.05682e+06
Txn	7.41506e+07
Txn2	250325
Txndc12	2.07532e+07
Txndc15	804780
Txndc16	480591
Txndc17	8.52785e+06
Txndc5	1.10688e+07
Txndc9	777040
Txnip	758493
Txnl1	1.63664e+07
Txnrd1	1.28234e+07
Txnrd2	2.22932e+06
Tyk2	1.48928e+06
Tyms	1.68314e+06
Tyrobp	557800
Tysnd1	262209
U2af1	3.6579e+07
U2af2	1.9549e+07
U2surp	7.50166e+06
Uap1l1	1.564e+07
Uba1	2.81378e+07
Uba2	1.03755e+07
Uba3	4.24498e+06
Uba5	3.38808e+06
Uba52	1.72501e+06
Uba6	2.45211e+06
Uba7	433499
Ubac1	711468
Ubac2	1.19489e+06
Ubap1	26868.1
Ubap2	2.96425e+06
Ubap2l	6.83795e+06
Ubash3b	644878
Ube2a	430573
Ube2c	1.32777e+06
Ube2d2;Ube2d3	6.3245e+06
Ube2f	926438
Ube2g2	2.67352e+06
Ube2h	352372
Ube2i	6.20695e+06
Ube2k	1.35727e+07
Ube2l3	9.57295e+06
Ube2m	1.34937e+07
Ube2n	2.13222e+07
Ube2o	1.28018e+06
Ube2q1	598617
Ube2t	430947
Ube2v1	4.4426e+06
Ube2v2	4.6944e+07
Ube2z	6.19149e+06
Ube3a	3.18088e+06
Ube3b	264219
Ube3c	1.10502e+06
Ube4a	709372
Ube4b	2.2036e+06
Ubfd1	1.33738e+06
Ubl4a	3.49563e+06
Ubl5	4.61797e+06
Ubl7	1.77748e+06
Ublcp1	2.11977e+06
Ubn1	227230
Ubn2	322478
Ubp1	410263
Ubqln1	8.28242e+06
Ubqln2	2.71515e+06
Ubqln4	3.38862e+06
Ubr1	872506
Ubr2	964242
Ubr4	2.60454e+06
Ubr5	1.29479e+06
Ubr7	403737
Ubtf	7.16682e+06
Ubxn1	8.81405e+06
Ubxn4	2.22448e+06
Ubxn7	1.43439e+06
Uchl3	7.08642e+06
Uchl5	6.82572e+06
Uck2	3.71434e+06
Uckl1	632220
Uevld	1.52798e+06
Ufc1	6.06925e+06
Ufd1	6.57778e+06
Ufl1	3.48278e+06
Ufm1	1.25727e+07
Ufsp2	1.97594e+06
Ugdh	1.622e+06
Uggt1	8.32005e+06
Ugp2	7.01849e+06
Ugt1a7	9.26832e+06
Uhrf1	1.19778e+06
Uhrf2	671329
Umps	7.3832e+06
Unc119	2.0977e+06
Unc119b	612027
Unc45a	281215
Unc93b1	1.13137e+06
Unk	335745
Upf1	7.03341e+06
Upf2	676351
Upf3b	758324
Uprt	1.01879e+07
Uqcc2	203980
Uqcc3	241515
Uqcc4	855287
Uqcr10	7.68891e+06
Uqcr11	206824
Uqcrb	1.49551e+07
Uqcrc1	2.5923e+07
Uqcrc2	1.31776e+07
Uqcrfs1	2.26286e+07
Uqcrh	6.87053e+06
Uqcrq	1.63525e+07
Urb1	2.30078e+06
Urb2	864183
Uri1	938632
Urod	1.53468e+06
Uros	655714
Use1	2.0315e+06
Usf2	1.17291e+06
Uso1	6.20008e+06
Usp10	2.53556e+06
Usp12;Usp46	262953
Usp14	1.88709e+07
Usp15	3.4502e+06
Usp16	913024
Usp19	719588
Usp24	1.01832e+06
Usp25	916753
Usp3	488738
Usp30	193278
Usp36	1.10819e+06
Usp39	5.22569e+06
Usp4	1.61595e+06
Usp47	1.39401e+06
Usp48	736753
Usp5	1.05579e+07
Usp7	6.09855e+06
Usp8	1.87703e+06
Usp9x	6.6552e+06
Utp11	3.35474e+06
Utp14a	3.93126e+06
Utp15	3.96934e+06
Utp18	6.74074e+06
Utp20	2.23522e+06
Utp23	967638
Utp25	3.55917e+06
Utp3	3.04647e+06
Utp4	4.37236e+06
Utp6	1.90339e+06
Utrn	176842
Uvrag	2.94784e+06
Uxt	1.29686e+06
Vac14	3.14696e+06
Vamp3	3.54646e+06
Vamp4	2.70966e+06
Vamp7	3.43457e+06
Vamp8	3.60341e+06
Vapa	2.90501e+07
Vapb	9.76421e+06
Vars1	1.82787e+07
Vars2	953493
Vasp	9.88455e+06
Vat1	6.61141e+07
Vav1	6.30119e+06
Vav3	1.38622e+06
Vbp1	8.10589e+06
Vcl	1.99925e+06
Vcp	4.53647e+07
Vcpip1	1.76402e+06
Vcpkmt	1.15498e+06
Vdac1	3.63128e+07
Vdac2	4.93487e+07
Vdac3	1.77077e+07
Vezf1	41151.9
Vezt	122527
Vhl	156653
Vim	1.59696e+08
Vipas39	546741
Virma	679199
Vkorc1	3.28334e+06
Vkorc1l1	807273
Vma21	4.46981e+06
Vmp1	293952
Vps11	2.8916e+06
Vps13a	1.12322e+06
Vps13c	6.5411e+06
Vps16	3.00065e+06
Vps18	3.12713e+06
Vps25	1.74644e+06
Vps26a	1.4761e+07
Vps26b	1.43978e+06
Vps26c	3.36183e+06
Vps28	1.29751e+06
Vps29	1.40587e+07
Vps33a	4.92553e+06
Vps33b	787853
Vps35	1.84003e+07
Vps35l	945252
Vps36	3.38365e+06
Vps37a	173099
Vps37b	108227
Vps37c	1.11472e+06
Vps39	3.52731e+06
Vps41	3.29201e+06
Vps45	1.23955e+06
Vps4a	2.2293e+06
Vps4b	1.19687e+07
Vps50	1.12149e+06
Vps51	1.32462e+06
Vps52	1.62324e+06
Vps53	728902
Vps8	651487
Vrk1	7.35782e+06
Vrk2	811898
Vrk3	732142
Vta1	7.1677e+06
Vti1a	1.48416e+06
Vti1b	3.36503e+06
Vwa5a	7.48191e+06
Vwa8	3.22241e+06
Wac	56008.9
Wapl	1.68637e+06
Wars1	6.76904e+06
Wars2	476369
Was	4.10304e+06
Wasf2	6.8917e+06
Washc1	2.87308e+06
Washc2	1.85737e+06
Washc3	1.08749e+06
Washc4	2.28477e+06
Washc5	2.14027e+06
Wasl	1.40894e+06
Wbp11	3.93056e+06
Wbp2	560307
Wdfy1	1.14221e+06
Wdfy2	265446
Wdfy3	256908
Wdfy4	2.7908e+06
Wdhd1	2.13168e+06
Wdr1	1.80339e+07
Wdr11	1.05791e+06
Wdr12	6.47728e+06
Wdr13	461983
Wdr18	3.72073e+06
Wdr26	2.49126e+06
Wdr3	2.93381e+06
Wdr33	1.76141e+06
Wdr36	7.17477e+06
Wdr37	390833
Wdr4	822229
Wdr41	570411
Wdr43	4.98759e+06
Wdr46	2.71165e+06
Wdr47	246791
Wdr48	722490
Wdr5	4.24865e+06
Wdr55	1.05585e+06
Wdr59	172026
Wdr6	1.37119e+06
Wdr7	1.17985e+06
Wdr70	944413
Wdr73	1.57648e+06
Wdr74	1.07686e+06
Wdr75	2.15638e+06
Wdr76	1.10393e+06
Wdr77	5.72586e+06
Wdr81	1.52714e+06
Wdr82	2.6193e+06
Wdr90	276350
Wdr91	1.5599e+06
Wdtc1	466411
Wipf1	4.42142e+06
Wipi2	1.52575e+06
Wiz	1.96022e+06
Wls	1.43868e+06
Wnk1	2.20482e+06
Wrnip1	299998
Wtap	1.96841e+06
Wwox	419507
Wwp2	1.89825e+06
Xab2	1.45915e+06
Xaf1	249083
Xpa	186519
Xpnpep1	8.35923e+06
Xpnpep3	2.60057e+06
Xpo1	7.05347e+06
Xpo4	2.86836e+06
Xpo5	4.00628e+06
Xpo6	231585
Xpo7	2.11932e+06
Xpot	3.83521e+06
Xrcc1	3.06498e+06
Xrcc5	3.66678e+06
Xrcc6	1.15587e+06
Xrn1	1.39526e+06
Xrn2	5.94203e+06
Xxylt1	1.12732e+06
Xylb	795513
Yaf2	12791.4
Yars1	1.03969e+07
Yars2	2.47563e+06
Ybx1	1.29635e+07
Ybx3	3.75567e+07
Ydjc	780638
Yeats2	415206
Yif1b	846428
Yipf3	2.92339e+06
Yipf4	2.43008e+06
Yipf5	650444
Yju2	942926
Ykt6	2.54489e+06
Ylpm1	794912
Yme1l1	7.419e+06
Ypel5	629593
Yrdc	927449
Ythdc1	974224
Ythdc2	829323
Ythdf1	1.33099e+06
Ythdf2	1.64549e+06
Ythdf3	2.43177e+06
Ywhab	7.07153e+06
Ywhae	4.14111e+07
Ywhag	4.6583e+07
Ywhah	1.20898e+07
Ywhaq	1.35888e+07
Ywhaz	2.38115e+08
Yy1	1.85825e+06
Zbtb11	358242
Zbtb21	692302
Zbtb38	279069
Zbtb7a	938155
Zbtb8os	1.44543e+06
Zc3h11a	3.79762e+06
Zc3h13	2.47998e+06
Zc3h14	1.93311e+06
Zc3h15	4.92023e+06
Zc3h18	2.45614e+06
Zc3h3	111340
Zc3h4	1.69674e+06
Zc3h7a	250318
Zc3h7b	221312
Zc3hav1	3.55183e+06
Zc3hc1	1.08606e+06
Zcchc4	31437
Zcchc7	286802
Zcchc8	7.19164e+06
Zdhhc13	1.74058e+06
Zdhhc20	1.20767e+06
Zdhhc21	37055.5
Zdhhc3	308533
Zdhhc5	573614
Zdhhc6	1.25212e+06
Zeb2	1.76639e+06
Zfand1	413730
Zfand2b	682204
Zfand5	344502
Zfand6	933362
Zfc3h1	335320
Zfp266	54432.9
Zfp2;Znf182	21491.2
Zfp36l1	1.4125e+06
Zfp384	210848
Zfp646	220719
Zfp65;Zfp729a;Zfp729b;Zfp738	344709
Zfp809	779386
Zfp871	602752
Zfp91	550585
Zfpl1	2.05191e+06
Zfr	2.12983e+06
Zftraf1	532387
Zfyve16	463167
Zfyve27	62474.6
Zgpat	638388
Zhx3	383178
Zmat2	2.61083e+06
Zmat3	294090
Zmiz1	1.98861e+06
Zmpste24	7.95307e+06
Zmym2	989330
Zmym3	150639
Zmym4	341508
Zmynd8	1.46603e+06
Znf106	123438
Znf148	3.54089e+06
Znf207	6.00282e+06
Znf22	1.74372e+06
Znf280c	1.46992e+06
Znf281	145875
Znf318	51848.9
Znf326	3.27989e+06
Znf330	2.06085e+06
Znf346	901929
Znf385a	605126
Znf511	1.63146e+06
Znf512	2.3033e+06
Znf592	851731
Znf593	900974
Znf598	1.08974e+06
Znf609	366370
Znf622	784827
Znf638	1.75693e+06
Znf654	106675
Znf668	410728
Znf687	422608
Znf706	5.56306e+06
Znf771	137079
Znf787	314660
Znf800	3.48722e+06
Znf830	621209
Znf865	66084.6
Znfx1	551574
Zng1	473578
Znhit2	548573
Znhit3	426613
Znhit6	2.26255e+06
Znrd2	6.2467e+06
Zpr1	3.58283e+06
Zranb2	6.6186e+06
Zrsr1;Zrsr2	436926
Zswim8	72871
Zw10	1.55085e+06
Zwilch	346637
Zyg11b	52211.6
Zyx	1.08252e+07
Zzef1	354749
mt-Co3	43558.7
mt-Nd3	550934
sp|P00761|TRYP_PIG	6.59516e+06
